content_id,model_prob,action,reason_code,days_since_last_update,avg_position,ctr,impressions_prev_30d,clicks_prev_30d,search_volume,competition,word_count,content_age_days
content_0b50482209cd,0.9880099051283264,HIGH PRIORITY REFRESH,model_flagged_decline_risk,8,5.7,0.0,4,0,10.0,0.01,2811.0,96
content_c90bfc85694f,0.9843132325959865,HIGH PRIORITY REFRESH,model_flagged_decline_risk,20,1.1,0.0,855,0,10.0,1.0,2708.0,95
content_ea909ac4580c,0.9810723120287266,HIGH PRIORITY REFRESH,model_flagged_decline_risk,8,6.4,0.0,4,0,0.0,0.0,2667.0,92
content_639b9e356f82,0.9805496547739724,HIGH PRIORITY REFRESH,model_flagged_decline_risk,8,6.3,0.0,5,0,40.0,0.0,2784.0,90
content_95186f0c38e3,0.979915084380923,HIGH PRIORITY REFRESH,model_flagged_decline_risk,1,6.5,0.0,3,0,0.0,0.0,2781.0,91
content_1bdbccd74939,0.979915084380923,HIGH PRIORITY REFRESH,model_flagged_decline_risk,8,6.0,0.0,4,0,0.0,0.0,2936.0,90
content_e843c3b9cde5,0.9792437933699455,HIGH PRIORITY REFRESH,model_flagged_decline_risk,104,33.0,0.13,14821,15,0.0,0.0,6055.0,144
content_04ff07050894,0.9790233366419883,HIGH PRIORITY REFRESH,model_flagged_decline_risk,1,7.0,0.0,4,0,0.0,0.0,3108.0,91
content_159168852e68,0.9785965416933087,HIGH PRIORITY REFRESH,model_flagged_decline_risk,8,17.4,0.49,3701,18,0.0,0.0,5035.0,148
content_db567200a5dc,0.9781574062909156,HIGH PRIORITY REFRESH,model_flagged_decline_risk,104,26.4,0.23,6779,16,0.0,0.0,7151.0,139
content_0ff563db5034,0.9779434221520535,HIGH PRIORITY REFRESH,model_flagged_decline_risk,104,2.2,0.0,274,0,0.0,0.0,5644.0,286
content_3557fee52b57,0.9775611697581748,HIGH PRIORITY REFRESH,model_flagged_decline_risk,104,20.5,0.1,10680,9,0.0,0.0,5119.0,148
content_4de40dcded75,0.9773881967141567,HIGH PRIORITY REFRESH,model_flagged_decline_risk,104,18.3,0.23,6305,18,0.0,0.0,6117.0,144
content_f1762127797f,0.977184556146745,HIGH PRIORITY REFRESH,model_flagged_decline_risk,1,0.8,0.0,2,0,0.0,0.0,2826.0,91
content_be1c109fcdbc,0.9762850984548621,HIGH PRIORITY REFRESH,model_flagged_decline_risk,20,34.0,0.05,2631,2,0.0,0.0,5359.0,144
content_373eaf1f5432,0.9759384910752466,HIGH PRIORITY REFRESH,model_flagged_decline_risk,104,36.5,0.1,7122,8,0.0,0.0,7152.0,139
content_4bb993e9270e,0.9756833059210318,HIGH PRIORITY REFRESH,model_flagged_decline_risk,104,1.3,0.0,251,0,0.0,0.0,5325.0,151
content_fb95edac0fc3,0.9754446760297568,HIGH PRIORITY REFRESH,model_flagged_decline_risk,104,22.8,0.12,32225,45,0.0,0.0,6569.0,223
content_f033c9b50c54,0.9753998852897253,HIGH PRIORITY REFRESH,model_flagged_decline_risk,104,30.5,0.3,7744,24,0.0,0.0,7444.0,144
content_69dff57b52cc,0.9752557986181482,HIGH PRIORITY REFRESH,model_flagged_decline_risk,104,35.3,0.13,11192,12,0.0,0.0,5886.0,144
content_650269882456,0.9748395774312332,HIGH PRIORITY REFRESH,model_flagged_decline_risk,104,27.8,0.24,8086,15,0.0,0.0,5675.0,144
content_2028099fd151,0.9748214599015176,HIGH PRIORITY REFRESH,model_flagged_decline_risk,104,23.5,0.09,9830,7,0.0,0.0,6466.0,139
content_134631e65b9e,0.974630284088857,HIGH PRIORITY REFRESH,model_flagged_decline_risk,20,1.5,0.0,1037,0,0.0,0.0,3064.0,118
content_1b63707d148a,0.9746212678703066,HIGH PRIORITY REFRESH,model_flagged_decline_risk,104,25.7,0.36,5436,20,0.0,0.0,6587.0,139
content_326fa2fa449f,0.9745698874342319,HIGH PRIORITY REFRESH,model_flagged_decline_risk,1,8.3,0.0,3,0,0.0,0.0,3563.0,91
content_365128b9f3b7,0.9743362465875336,HIGH PRIORITY REFRESH,model_flagged_decline_risk,104,35.0,0.13,31188,42,0.0,0.0,6299.0,144
content_25061fd19120,0.974262014536954,HIGH PRIORITY REFRESH,model_flagged_decline_risk,1,6.3,0.0,1,0,0.0,0.0,3065.0,91
content_4a6607efcb46,0.9742531526758536,HIGH PRIORITY REFRESH,model_flagged_decline_risk,104,2.2,0.01,2213,2,0.0,0.0,4939.0,148
content_da42ef73c8bd,0.9739327840403574,HIGH PRIORITY REFRESH,model_flagged_decline_risk,1,6.0,0.0,1,0,0.0,0.0,2722.0,91
content_186489efe6f4,0.9737103251759709,HIGH PRIORITY REFRESH,model_flagged_decline_risk,104,2.3,0.06,702,1,0.0,0.0,6962.0,148
content_e52e87103986,0.9736394238425102,HIGH PRIORITY REFRESH,model_flagged_decline_risk,1,12.7,0.0,3,0,0.0,0.0,3070.0,91
content_1d917effd100,0.9735644906148723,HIGH PRIORITY REFRESH,model_flagged_decline_risk,104,37.3,0.01,7590,0,0.0,0.0,5400.0,139
content_f1f331c3cc6c,0.9735536123732937,HIGH PRIORITY REFRESH,model_flagged_decline_risk,104,40.6,0.07,10267,6,0.0,0.0,6015.0,144
content_5396f1f70ab3,0.9734543440190657,HIGH PRIORITY REFRESH,model_flagged_decline_risk,104,26.0,0.04,21086,9,0.0,0.0,5381.0,153
content_f5b33c763668,0.9733717121463632,HIGH PRIORITY REFRESH,model_flagged_decline_risk,104,29.6,0.14,16473,25,0.0,0.0,6615.0,223
content_c3d253019b86,0.9733502006085278,HIGH PRIORITY REFRESH,model_flagged_decline_risk,104,31.0,0.06,15133,9,0.0,0.0,6224.0,144
content_c42e7af1fda6,0.973256811376246,HIGH PRIORITY REFRESH,model_flagged_decline_risk,104,29.7,0.07,10394,9,0.0,0.0,6657.0,144
content_10b90d746409,0.9731763918381554,HIGH PRIORITY REFRESH,model_flagged_decline_risk,1,11.6,0.0,5,0,0.0,0.0,2664.0,91
content_f2b9744f016d,0.973106182686905,HIGH PRIORITY REFRESH,model_flagged_decline_risk,20,28.8,0.07,1774,0,0.0,0.0,5411.0,144
content_26aaf62c0a5d,0.9730513143243882,HIGH PRIORITY REFRESH,model_flagged_decline_risk,104,35.4,0.07,10564,5,0.0,0.0,4914.0,144
content_7a76aeb0c6f4,0.9730362192118484,HIGH PRIORITY REFRESH,model_flagged_decline_risk,104,20.5,0.31,5539,14,0.0,0.0,6488.0,223
content_cd3f4ddc227c,0.9730283771587651,HIGH PRIORITY REFRESH,model_flagged_decline_risk,104,21.3,0.38,4171,16,0.0,0.0,5908.0,139
content_0a088256d577,0.9729924512826572,HIGH PRIORITY REFRESH,model_flagged_decline_risk,104,18.6,0.08,10610,5,0.0,0.0,5037.0,153
content_4d57ab50dfe4,0.9729506965690479,HIGH PRIORITY REFRESH,model_flagged_decline_risk,1,6.5,0.0,2,0,0.0,0.0,2850.0,91
content_6e28a04c07a8,0.9729480961473154,HIGH PRIORITY REFRESH,model_flagged_decline_risk,104,34.3,0.0,17445,0,0.0,0.0,6367.0,139
content_bc51ecfcc88e,0.9727886118295012,HIGH PRIORITY REFRESH,model_flagged_decline_risk,104,21.6,0.26,4891,17,0.0,0.0,5717.0,223
content_7a8be058989d,0.9726091472804088,HIGH PRIORITY REFRESH,model_flagged_decline_risk,104,40.9,0.07,13272,7,0.0,0.0,6720.0,223
content_26e7e98c8e41,0.9725136582793183,HIGH PRIORITY REFRESH,model_flagged_decline_risk,104,2.9,0.0,338,0,50.0,0.09,5308.0,236
content_8f39d99dfcfc,0.972500038794704,HIGH PRIORITY REFRESH,model_flagged_decline_risk,104,34.3,0.05,13100,2,0.0,0.0,5748.0,153
content_78dc113bf509,0.9724920203355706,HIGH PRIORITY REFRESH,model_flagged_decline_risk,20,6.7,0.0,606,0,0.0,0.0,4080.0,182
content_0e2ebf49b3ea,0.9724592961064238,HIGH PRIORITY REFRESH,model_flagged_decline_risk,104,22.9,0.33,5080,17,0.0,0.0,6949.0,144
content_a3299043fb71,0.9723596305121057,HIGH PRIORITY REFRESH,model_flagged_decline_risk,104,38.0,0.03,21847,8,0.0,0.0,6473.0,139
content_18551bcf7c04,0.972339431270269,HIGH PRIORITY REFRESH,model_flagged_decline_risk,104,24.5,0.09,15403,13,0.0,0.0,6661.0,223
content_0a9514b81475,0.9722729870835489,HIGH PRIORITY REFRESH,model_flagged_decline_risk,8,7.4,0.0,32,0,50.0,0.19,2734.0,96
content_ff67adc622e5,0.9721676679987513,HIGH PRIORITY REFRESH,model_flagged_decline_risk,104,33.6,0.05,33161,8,0.0,0.0,5353.0,139
content_e3bf6539b4ba,0.9719687484198009,HIGH PRIORITY REFRESH,model_flagged_decline_risk,8,8.4,0.0,6,0,90.0,0.14,2760.0,90
content_e7cf2f24cfcc,0.9719161082767521,HIGH PRIORITY REFRESH,model_flagged_decline_risk,104,22.5,0.49,3174,14,0.0,0.0,7730.0,144
content_cb2a0e33a759,0.9718473846182922,HIGH PRIORITY REFRESH,model_flagged_decline_risk,104,38.4,0.14,8015,11,0.0,0.0,5293.0,223
content_1a73ab830798,0.9717480324036374,HIGH PRIORITY REFRESH,model_flagged_decline_risk,104,25.9,0.09,26223,22,0.0,0.0,5858.0,144
content_1791e782ccef,0.9715992901818652,HIGH PRIORITY REFRESH,model_flagged_decline_risk,104,22.2,0.26,13893,37,0.0,0.0,6793.0,223
content_b202ac5e03c1,0.9715810209989668,HIGH PRIORITY REFRESH,model_flagged_decline_risk,104,30.3,0.06,14214,8,0.0,0.0,5511.0,153
content_ced6794c7e86,0.971540590934127,HIGH PRIORITY REFRESH,model_flagged_decline_risk,104,43.4,0.21,5608,15,0.0,0.0,5257.0,144
content_527beec00658,0.9715268578574812,HIGH PRIORITY REFRESH,model_flagged_decline_risk,104,3.0,0.0,310,0,0.0,0.0,8154.0,286
content_9edb1f8ff902,0.9715174595110474,HIGH PRIORITY REFRESH,model_flagged_decline_risk,104,42.5,0.04,9667,3,0.0,0.0,6884.0,153
content_6d7c9e5047f8,0.9714710352162912,HIGH PRIORITY REFRESH,model_flagged_decline_risk,104,39.0,0.06,18677,19,0.0,0.0,7582.0,144
content_ebcbcaf7b641,0.9713451086978075,HIGH PRIORITY REFRESH,model_flagged_decline_risk,1,8.5,0.0,2,0,0.0,0.0,2993.0,91
content_c5b65d91f4c0,0.971289248634761,HIGH PRIORITY REFRESH,model_flagged_decline_risk,1,3.6,0.0,3,0,0.0,0.0,2667.0,91
content_11267b0c9023,0.9711902218325137,HIGH PRIORITY REFRESH,model_flagged_decline_risk,104,42.0,0.04,17833,8,0.0,0.0,5010.0,144
content_0cd6cb0cf3eb,0.9710794070518832,HIGH PRIORITY REFRESH,model_flagged_decline_risk,8,19.9,0.3,922,3,0.0,0.0,5061.0,148
content_32b7986093f9,0.9710716792390734,HIGH PRIORITY REFRESH,model_flagged_decline_risk,104,29.7,0.12,7072,9,0.0,0.0,5941.0,144
content_f21600d6c857,0.9710295493499229,HIGH PRIORITY REFRESH,model_flagged_decline_risk,104,29.1,0.19,7961,18,0.0,0.0,6424.0,223
content_d1454961211c,0.9710295493499229,HIGH PRIORITY REFRESH,model_flagged_decline_risk,104,30.2,0.19,6600,13,0.0,0.0,5240.0,223
content_0bcf5514ae1c,0.9709310011683763,HIGH PRIORITY REFRESH,model_flagged_decline_risk,104,31.5,0.07,7915,6,0.0,0.0,5740.0,153
content_a9ec0fc176ba,0.9709107524283495,HIGH PRIORITY REFRESH,model_flagged_decline_risk,104,28.5,0.24,6201,14,0.0,0.0,5676.0,144
content_04a7f7257e5c,0.970533107887773,HIGH PRIORITY REFRESH,model_flagged_decline_risk,104,35.4,0.07,27615,25,0.0,0.0,5951.0,144
content_3cdff06e3724,0.9703940736272016,HIGH PRIORITY REFRESH,model_flagged_decline_risk,104,35.3,0.04,7164,2,0.0,0.0,5647.0,153
content_04d0e70cdc43,0.9703676513960235,HIGH PRIORITY REFRESH,model_flagged_decline_risk,104,18.1,0.42,8571,42,0.0,0.0,5739.0,144
content_f8ffc6900606,0.9701264596011793,HIGH PRIORITY REFRESH,model_flagged_decline_risk,8,35.1,0.25,1956,11,0.0,0.0,4225.0,148
content_f02b48f88241,0.9701176217288581,HIGH PRIORITY REFRESH,model_flagged_decline_risk,104,25.8,0.1,50823,46,0.0,0.0,5876.0,223
content_c55195ea8c1f,0.9700526186819559,HIGH PRIORITY REFRESH,model_flagged_decline_risk,104,29.1,0.11,24493,25,0.0,0.0,7136.0,144
content_c4b40be7af9c,0.9700239730731803,HIGH PRIORITY REFRESH,model_flagged_decline_risk,104,26.9,0.11,6407,3,0.0,0.0,5578.0,139
content_dc07a16ea110,0.9699274620016407,HIGH PRIORITY REFRESH,model_flagged_decline_risk,104,28.0,0.02,8998,0,0.0,0.0,6254.0,153
content_870ef0f4febc,0.9698786223788456,HIGH PRIORITY REFRESH,model_flagged_decline_risk,1,6.8,0.0,2,0,0.0,0.0,3164.0,91
content_0136803b6373,0.9698786223788456,HIGH PRIORITY REFRESH,model_flagged_decline_risk,1,6.5,0.0,2,0,0.0,0.0,3320.0,91
content_1d9eca1ce9cd,0.9698650939412551,HIGH PRIORITY REFRESH,model_flagged_decline_risk,1,7.0,0.0,1,0,0.0,0.0,2815.0,91
content_97ac6bbde882,0.96985161590303,HIGH PRIORITY REFRESH,model_flagged_decline_risk,104,25.8,0.17,11424,20,0.0,0.0,7400.0,216
content_5c2f0a10d03c,0.9698188004387587,HIGH PRIORITY REFRESH,model_flagged_decline_risk,104,16.6,0.47,3963,18,0.0,0.0,6775.0,223
content_2e3e0025b445,0.9697677170774729,HIGH PRIORITY REFRESH,model_flagged_decline_risk,104,24.1,0.13,11827,12,0.0,0.0,6943.0,216
content_7a6cb4857fe6,0.9695865460978855,HIGH PRIORITY REFRESH,model_flagged_decline_risk,20,1.6,0.0,481,0,0.0,0.0,2701.0,117
content_c0ca28146a2a,0.9694775716183193,HIGH PRIORITY REFRESH,model_flagged_decline_risk,104,1.8,0.14,575,2,0.0,0.0,4831.0,144
content_8e2bf9bf9ad5,0.9694575776965939,HIGH PRIORITY REFRESH,model_flagged_decline_risk,8,15.1,0.0,4,0,0.0,0.0,2610.0,92
content_2ef97cbd21d9,0.9693814586567556,HIGH PRIORITY REFRESH,model_flagged_decline_risk,104,18.4,0.16,10081,13,0.0,0.0,5841.0,153
content_2fd2b3384eb7,0.9692204755588973,HIGH PRIORITY REFRESH,model_flagged_decline_risk,8,7.3,0.0,13,0,0.0,0.0,4146.0,92
content_2ffe488ce2e3,0.9690923575128636,HIGH PRIORITY REFRESH,model_flagged_decline_risk,104,32.1,0.29,3814,19,0.0,0.0,6009.0,144
content_0457ac011a2d,0.9688858424846951,HIGH PRIORITY REFRESH,model_flagged_decline_risk,104,30.4,0.05,10982,6,0.0,0.0,6375.0,153
content_f6a829f0f33d,0.968790151659603,HIGH PRIORITY REFRESH,model_flagged_decline_risk,104,31.7,0.16,8252,12,0.0,0.0,5451.0,139
content_0b6b5c06f438,0.9686308712848675,HIGH PRIORITY REFRESH,model_flagged_decline_risk,104,24.4,0.38,6635,10,0.0,0.0,6124.0,223
content_eb3b2c3bbc34,0.9683919220724309,HIGH PRIORITY REFRESH,model_flagged_decline_risk,20,1.3,0.0,313,0,0.0,0.0,2754.0,117
content_bbb7b13eac87,0.9683689372981749,HIGH PRIORITY REFRESH,model_flagged_decline_risk,104,35.3,0.05,6342,2,0.0,0.0,5534.0,144
content_cd7885856619,0.9683601681892282,HIGH PRIORITY REFRESH,model_flagged_decline_risk,20,20.7,0.08,1197,1,0.0,0.0,5180.0,144
content_b60c70399545,0.9683570881124169,HIGH PRIORITY REFRESH,model_flagged_decline_risk,104,30.3,0.08,6114,5,0.0,0.0,5626.0,139
content_5a67177a8e65,0.9682957547157615,HIGH PRIORITY REFRESH,model_flagged_decline_risk,104,25.6,0.08,2047,2,0.0,0.0,5424.0,223
content_cca1e559cffd,0.9682879477312223,HIGH PRIORITY REFRESH,model_flagged_decline_risk,20,2.9,0.0,355,0,10.0,0.0,1270.0,104
content_2d82da2bbaab,0.9681783244094052,HIGH PRIORITY REFRESH,model_flagged_decline_risk,104,33.3,0.13,13164,10,0.0,0.0,6149.0,216
content_c3c21134dcc5,0.968137531960303,HIGH PRIORITY REFRESH,model_flagged_decline_risk,104,31.0,0.09,11109,19,0.0,0.0,5870.0,223
content_4226f64334c2,0.9681261440005193,HIGH PRIORITY REFRESH,model_flagged_decline_risk,104,20.9,0.22,3832,10,0.0,0.0,5642.0,223
content_00ff5d3c1cc2,0.9681261440005193,HIGH PRIORITY REFRESH,model_flagged_decline_risk,104,23.8,0.28,3989,11,0.0,0.0,6104.0,223
content_70af67c78f7c,0.9681139900819505,HIGH PRIORITY REFRESH,model_flagged_decline_risk,104,35.7,0.19,4487,14,0.0,0.0,6317.0,223
content_095fb958f86f,0.9681112050289906,HIGH PRIORITY REFRESH,model_flagged_decline_risk,1,3.0,0.0,3,0,0.0,0.0,3225.0,91
content_9d35d489e74d,0.9680554223584984,HIGH PRIORITY REFRESH,model_flagged_decline_risk,8,6.7,0.0,30,0,0.0,0.0,4152.0,96
content_b5d1fbc91005,0.9678645065297293,HIGH PRIORITY REFRESH,model_flagged_decline_risk,104,24.3,0.06,8124,8,0.0,0.0,5562.0,216
content_b84e25e55621,0.9677607993590218,HIGH PRIORITY REFRESH,model_flagged_decline_risk,104,25.7,0.36,3126,14,0.0,0.0,6556.0,223
content_4cad78836710,0.9677497938009987,HIGH PRIORITY REFRESH,model_flagged_decline_risk,104,16.5,0.32,5518,14,0.0,0.0,6033.0,144
content_69b51727a5ce,0.9677209999375423,HIGH PRIORITY REFRESH,model_flagged_decline_risk,104,30.1,0.11,16733,19,0.0,0.0,5442.0,223
content_eec532e0824c,0.9676307961791033,HIGH PRIORITY REFRESH,model_flagged_decline_risk,104,5.0,0.0,326,0,0.0,0.0,7292.0,223
content_19844deccf29,0.967630289742635,HIGH PRIORITY REFRESH,model_flagged_decline_risk,104,26.4,0.09,2775,3,0.0,0.0,6612.0,139
content_f8de7d4cee60,0.9674113782225604,HIGH PRIORITY REFRESH,model_flagged_decline_risk,104,30.8,0.02,32281,8,0.0,0.0,5055.0,144
content_bcd1f2ff027a,0.967358918897898,HIGH PRIORITY REFRESH,model_flagged_decline_risk,104,22.1,0.11,3112,2,0.0,0.0,7377.0,223
content_4a46bc087129,0.9672498960468338,HIGH PRIORITY REFRESH,model_flagged_decline_risk,104,5.1,0.0,323,0,0.0,0.0,6448.0,223
content_eb806d4ef757,0.9671445197964949,HIGH PRIORITY REFRESH,model_flagged_decline_risk,104,25.6,0.38,7565,38,0.0,0.0,6738.0,223
content_5847d18639a8,0.9671445197964949,HIGH PRIORITY REFRESH,model_flagged_decline_risk,104,19.4,0.4,7333,33,0.0,0.0,5768.0,223
content_34c63365dcb2,0.9670313784063063,HIGH PRIORITY REFRESH,model_flagged_decline_risk,1,15.4,0.0,4,0,0.0,0.0,3079.0,91
content_79bb47608e63,0.96692645287161,HIGH PRIORITY REFRESH,model_flagged_decline_risk,104,44.6,0.03,6203,3,0.0,0.0,6082.0,151
content_60b799ef98ae,0.9669033098295955,HIGH PRIORITY REFRESH,model_flagged_decline_risk,8,9.2,0.0,9,0,0.0,0.0,4113.0,90
content_2d665182534d,0.9668166236217471,HIGH PRIORITY REFRESH,model_flagged_decline_risk,104,36.1,0.1,5695,1,0.0,0.0,5557.0,151
content_b012f02fa8f1,0.9668020738551797,HIGH PRIORITY REFRESH,model_flagged_decline_risk,20,0.9,0.06,644,0,10.0,1.0,2636.0,95
content_dbe82879a406,0.9667947698029223,HIGH PRIORITY REFRESH,model_flagged_decline_risk,104,33.3,0.12,10205,7,0.0,0.0,8243.0,223
content_a999fa415a3f,0.9667218173557145,HIGH PRIORITY REFRESH,model_flagged_decline_risk,104,2.1,0.15,462,1,0.0,0.0,5635.0,144
content_a64d182bbbc0,0.9666017623768235,HIGH PRIORITY REFRESH,model_flagged_decline_risk,104,15.7,0.24,7546,15,0.0,0.0,5293.0,151
content_de4ba2c7499a,0.9665677543140069,HIGH PRIORITY REFRESH,model_flagged_decline_risk,8,21.5,0.21,4634,8,0.0,0.0,4537.0,140
content_bda75e762cec,0.9664886981655718,HIGH PRIORITY REFRESH,model_flagged_decline_risk,104,17.1,0.4,7465,35,0.0,0.0,6825.0,144
content_68548bc731c8,0.9664568397450194,HIGH PRIORITY REFRESH,model_flagged_decline_risk,104,22.3,0.59,2649,19,0.0,0.0,5758.0,144
content_77bd65aa4a62,0.9664367849593377,HIGH PRIORITY REFRESH,model_flagged_decline_risk,104,34.5,0.12,9436,8,0.0,0.0,6392.0,148
content_f2508318df4b,0.9664297136618565,HIGH PRIORITY REFRESH,model_flagged_decline_risk,8,3.1,0.0,945,0,10.0,1.0,2841.0,147
content_00acb02df998,0.9664205579953798,HIGH PRIORITY REFRESH,model_flagged_decline_risk,104,33.3,0.1,2484,1,0.0,0.0,6551.0,223
content_3f2c294ef17d,0.9664107266605604,HIGH PRIORITY REFRESH,model_flagged_decline_risk,104,23.8,0.34,3934,17,0.0,0.0,5865.0,223
content_0a7607ff8360,0.9663710898220657,HIGH PRIORITY REFRESH,model_flagged_decline_risk,104,37.1,0.08,1869,1,0.0,0.0,5503.0,144
content_3c83fd77ef27,0.966359306126422,HIGH PRIORITY REFRESH,model_flagged_decline_risk,104,39.8,0.13,6723,8,0.0,0.0,5915.0,223
content_2432fcb036bb,0.9661871157438201,HIGH PRIORITY REFRESH,model_flagged_decline_risk,8,7.2,0.0,57,0,0.0,0.0,4388.0,95
content_c7e958445a41,0.9661031132527846,HIGH PRIORITY REFRESH,model_flagged_decline_risk,8,17.3,0.5,12264,59,10.0,1.0,3862.0,140
content_a632e7e1e1ba,0.9661025930200804,HIGH PRIORITY REFRESH,model_flagged_decline_risk,20,30.8,0.24,2389,5,0.0,0.0,5012.0,144
content_a247759cb944,0.9660834937902752,HIGH PRIORITY REFRESH,model_flagged_decline_risk,104,33.2,0.03,4585,0,0.0,0.0,5896.0,144
content_00474279dd1c,0.9660357764028757,HIGH PRIORITY REFRESH,model_flagged_decline_risk,104,37.1,0.03,5845,1,0.0,0.0,6229.0,153
content_f7087ef21009,0.9659696312796406,HIGH PRIORITY REFRESH,model_flagged_decline_risk,104,34.6,0.09,3125,2,0.0,0.0,5133.0,148
content_05fef6c41585,0.9659696312796406,HIGH PRIORITY REFRESH,model_flagged_decline_risk,104,34.8,0.09,3572,3,0.0,0.0,5991.0,144
content_f8ee56435645,0.9659675920196744,HIGH PRIORITY REFRESH,model_flagged_decline_risk,104,35.6,0.08,2773,3,0.0,0.0,5686.0,144
content_81e0dfd4c3cc,0.965903081346183,HIGH PRIORITY REFRESH,model_flagged_decline_risk,20,1.3,0.0,249,0,10.0,0.19,2562.0,95
content_afd71ac0a398,0.9658980900061733,HIGH PRIORITY REFRESH,model_flagged_decline_risk,104,38.6,0.09,8275,3,0.0,0.0,5738.0,216
content_c1999429c1e7,0.9658845358549427,HIGH PRIORITY REFRESH,model_flagged_decline_risk,104,33.7,0.11,2263,5,0.0,0.0,5128.0,223
content_cdb5fc15439c,0.9658622957247847,HIGH PRIORITY REFRESH,model_flagged_decline_risk,104,23.1,0.47,3560,28,0.0,0.0,5188.0,144
content_8cb88881aa65,0.9658450693817334,HIGH PRIORITY REFRESH,model_flagged_decline_risk,104,33.1,0.07,3635,4,0.0,0.0,6249.0,223
content_3f7483504601,0.9658238464719987,HIGH PRIORITY REFRESH,model_flagged_decline_risk,8,8.0,0.0,9,0,0.0,0.0,4302.0,90
content_481a5b957b11,0.9658196882366281,HIGH PRIORITY REFRESH,model_flagged_decline_risk,104,39.5,0.12,8552,7,0.0,0.0,8217.0,223
content_0050598a9d4c,0.965765053823859,HIGH PRIORITY REFRESH,model_flagged_decline_risk,104,17.6,0.52,5440,44,0.0,0.0,6188.0,144
content_addafe3df89b,0.9657439388259265,HIGH PRIORITY REFRESH,model_flagged_decline_risk,8,5.4,0.0,3,0,2900.0,0.06,2562.0,98
content_d97c776ab1eb,0.9657099704926597,HIGH PRIORITY REFRESH,model_flagged_decline_risk,104,24.8,0.11,7168,3,0.0,0.0,4849.0,144
content_f6381c4c86c0,0.9655329803819481,HIGH PRIORITY REFRESH,model_flagged_decline_risk,8,7.7,0.0,65,0,0.0,0.0,2519.0,90
content_4706979c5848,0.9654402336270238,HIGH PRIORITY REFRESH,model_flagged_decline_risk,8,26.6,0.09,2924,0,0.0,0.0,5209.0,148
content_f6f172c354a7,0.9653876825459453,HIGH PRIORITY REFRESH,model_flagged_decline_risk,8,4.1,0.0,8,0,0.0,0.0,4256.0,96
content_118ce9aa01e7,0.965385070778308,HIGH PRIORITY REFRESH,model_flagged_decline_risk,20,27.6,0.48,5418,13,30.0,0.84,5876.0,154
content_0257ff7dcc14,0.9653402050137171,HIGH PRIORITY REFRESH,model_flagged_decline_risk,104,32.2,0.18,8688,10,0.0,0.0,5277.0,148
content_ccae0af6d8a7,0.9652896432865591,HIGH PRIORITY REFRESH,model_flagged_decline_risk,20,20.8,0.78,11630,87,0.0,0.0,4373.0,144
content_2fda0de31e1f,0.9652549500342887,HIGH PRIORITY REFRESH,model_flagged_decline_risk,104,21.5,0.06,1564,2,0.0,0.0,6892.0,144
content_8e6eeba4a98f,0.9652432858369187,HIGH PRIORITY REFRESH,model_flagged_decline_risk,104,40.6,0.0,2205,0,0.0,0.0,5873.0,153
content_589937ecbfc1,0.965242133155247,HIGH PRIORITY REFRESH,model_flagged_decline_risk,104,30.4,0.22,12482,38,0.0,0.0,5770.0,223
content_5744da9b504e,0.9651893351069125,HIGH PRIORITY REFRESH,model_flagged_decline_risk,104,33.2,0.05,3341,2,0.0,0.0,5091.0,148
content_ec184884cd1e,0.965111352914734,HIGH PRIORITY REFRESH,model_flagged_decline_risk,8,25.8,0.0,4,0,0.0,0.0,2302.0,92
content_6d394c6cb663,0.9651074100265709,HIGH PRIORITY REFRESH,model_flagged_decline_risk,104,32.0,0.07,8493,12,0.0,0.0,5204.0,144
content_f988b4cba4ea,0.9650882796300777,HIGH PRIORITY REFRESH,model_flagged_decline_risk,104,40.8,0.01,5112,0,0.0,0.0,6502.0,153
content_fe4b7cc20421,0.9650176305691979,HIGH PRIORITY REFRESH,model_flagged_decline_risk,20,45.2,0.02,1820,0,0.0,0.0,4327.0,144
content_3870bd09524b,0.9650157173597119,HIGH PRIORITY REFRESH,model_flagged_decline_risk,104,16.2,0.8,8970,94,0.0,0.0,6181.0,144
content_c2c44cbbcdf4,0.9649787251171903,HIGH PRIORITY REFRESH,model_flagged_decline_risk,1,8.3,0.0,14,0,0.0,0.0,3392.0,91
content_c204a19f27ae,0.9649382578405163,HIGH PRIORITY REFRESH,model_flagged_decline_risk,104,34.8,0.02,3150,0,0.0,0.0,5993.0,139
content_01b6c6ce9d7c,0.9649351269408796,HIGH PRIORITY REFRESH,model_flagged_decline_risk,104,29.5,0.33,4680,17,0.0,0.0,6137.0,223
content_2cb4479587fa,0.9648630533284858,HIGH PRIORITY REFRESH,model_flagged_decline_risk,104,43.1,0.07,1973,0,0.0,0.0,6198.0,139
content_d88da354897a,0.9648500876698685,HIGH PRIORITY REFRESH,model_flagged_decline_risk,104,19.2,0.09,4263,2,0.0,0.0,6678.0,148
content_8e0deefed99d,0.9647145767606725,HIGH PRIORITY REFRESH,model_flagged_decline_risk,104,34.8,0.0,2403,0,0.0,0.0,4889.0,153
content_3b7cbb3b2cc9,0.964504382019626,HIGH PRIORITY REFRESH,model_flagged_decline_risk,104,28.3,0.1,2228,3,0.0,0.0,5731.0,144
content_0eb4273ec881,0.964504382019626,HIGH PRIORITY REFRESH,model_flagged_decline_risk,104,27.4,0.1,5634,4,0.0,0.0,6192.0,151
content_475a9c3da500,0.9644421798006555,HIGH PRIORITY REFRESH,model_flagged_decline_risk,104,24.1,0.31,26291,71,0.0,0.0,6055.0,139
content_2c2d8c37d956,0.9643040864128058,HIGH PRIORITY REFRESH,model_flagged_decline_risk,104,31.5,0.09,3694,1,0.0,0.0,5916.0,139
content_7247c9f3c142,0.9642822356541749,HIGH PRIORITY REFRESH,model_flagged_decline_risk,104,0.2,0.07,472,1,20.0,0.38,0.0,257
content_01b492d70d7a,0.9642322805629945,HIGH PRIORITY REFRESH,model_flagged_decline_risk,1,21.2,0.0,5,0,0.0,0.0,2811.0,91
content_4c8ea2454a36,0.9642110308804723,HIGH PRIORITY REFRESH,model_flagged_decline_risk,104,38.5,0.05,14268,11,0.0,0.0,6016.0,223
content_ee9cff20f623,0.9641712356112173,HIGH PRIORITY REFRESH,model_flagged_decline_risk,104,31.2,0.07,3593,4,0.0,0.0,6098.0,139
content_5e6c160719bc,0.9641544941806122,HIGH PRIORITY REFRESH,model_flagged_decline_risk,20,46.0,0.09,13828,8,0.0,0.0,3807.0,90
content_8b9730806650,0.964149376689793,HIGH PRIORITY REFRESH,model_flagged_decline_risk,104,23.5,0.06,4316,0,0.0,0.0,5395.0,148
content_4f5826036689,0.964149376689793,HIGH PRIORITY REFRESH,model_flagged_decline_risk,104,21.9,0.06,4239,0,0.0,0.0,6567.0,153
content_52918fec2cf5,0.9640700885488661,HIGH PRIORITY REFRESH,model_flagged_decline_risk,8,4.3,0.0,4,0,30.0,0.16,2619.0,91
content_fbccbd20055a,0.964028958157177,HIGH PRIORITY REFRESH,model_flagged_decline_risk,104,32.3,0.08,4176,4,0.0,0.0,6132.0,148
content_954cc45bd437,0.9639907751689258,HIGH PRIORITY REFRESH,model_flagged_decline_risk,7,1.5,0.04,3857,3,0.0,0.0,2910.0,228
content_92f3a64c05bc,0.9639786509274506,HIGH PRIORITY REFRESH,model_flagged_decline_risk,1,7.3,0.0,1,0,0.0,0.0,3174.0,91
content_29c0b99ed170,0.9639160328075601,HIGH PRIORITY REFRESH,model_flagged_decline_risk,104,20.0,0.41,12523,59,0.0,0.0,6660.0,216
content_3a7c0ba260e8,0.9637368963941778,HIGH PRIORITY REFRESH,model_flagged_decline_risk,104,22.3,0.06,1877,1,0.0,0.0,6941.0,223
content_9042a5355ff7,0.9637241278360326,HIGH PRIORITY REFRESH,model_flagged_decline_risk,8,5.0,0.0,10,0,0.0,0.0,3839.0,91
content_fc701420f629,0.9636711692981244,HIGH PRIORITY REFRESH,model_flagged_decline_risk,104,30.1,0.03,5835,3,0.0,0.0,5373.0,151
content_987a0c9b0910,0.9636711692981244,HIGH PRIORITY REFRESH,model_flagged_decline_risk,104,27.6,0.04,5808,4,0.0,0.0,6137.0,148
content_ac1690c7fcff,0.9636372756424118,HIGH PRIORITY REFRESH,model_flagged_decline_risk,104,41.4,0.01,3059,0,0.0,0.0,6873.0,223
content_aa04fcd90504,0.9636372756424118,HIGH PRIORITY REFRESH,model_flagged_decline_risk,104,43.4,0.02,2968,0,0.0,0.0,5309.0,223
content_bbf4348fc02e,0.9636098482794059,HIGH PRIORITY REFRESH,model_flagged_decline_risk,104,45.5,0.03,4954,0,0.0,0.0,4973.0,153
content_d0fd2e1ec8f6,0.963601709183423,HIGH PRIORITY REFRESH,model_flagged_decline_risk,104,2.5,0.0,162,0,0.0,0.0,5508.0,139
content_1841a83f8bc5,0.9635427189209087,HIGH PRIORITY REFRESH,model_flagged_decline_risk,104,20.2,0.06,1025,2,0.0,0.0,5396.0,151
content_d63631a4c3a7,0.9635297910121374,HIGH PRIORITY REFRESH,model_flagged_decline_risk,104,21.5,0.6,8160,50,0.0,0.0,5724.0,144
content_aa0f02bc9178,0.9635189484309925,HIGH PRIORITY REFRESH,model_flagged_decline_risk,20,1.3,0.16,390,0,0.0,0.0,3491.0,111
content_08270090359f,0.9635071108792577,HIGH PRIORITY REFRESH,model_flagged_decline_risk,104,20.3,0.51,8940,38,0.0,0.0,6563.0,223
content_393f9b02b832,0.9633532897248102,HIGH PRIORITY REFRESH,model_flagged_decline_risk,20,1.9,0.14,1011,0,0.0,0.0,3935.0,95
content_c937b32e7591,0.9633456164524722,HIGH PRIORITY REFRESH,model_flagged_decline_risk,8,5.2,0.0,27,0,50.0,0.0,3110.0,95
content_65fde7375946,0.9633215092878866,HIGH PRIORITY REFRESH,model_flagged_decline_risk,104,18.7,0.21,19746,38,0.0,0.0,5093.0,153
content_2149cbc42bc0,0.9633131243530185,HIGH PRIORITY REFRESH,model_flagged_decline_risk,104,41.8,0.03,8281,2,0.0,0.0,5042.0,223
content_8d387d58f71f,0.9633000123047083,HIGH PRIORITY REFRESH,model_flagged_decline_risk,8,5.7,0.0,350,0,0.0,0.0,6583.0,148
content_0929829d7dbf,0.9632586487433404,HIGH PRIORITY REFRESH,model_flagged_decline_risk,104,34.4,0.02,1616,0,0.0,0.0,5554.0,139
content_9bcc697ea7f3,0.9632137762605639,HIGH PRIORITY REFRESH,model_flagged_decline_risk,20,7.1,0.0,351,0,0.0,0.0,4589.0,131
content_b178d2c17955,0.9631598503525353,HIGH PRIORITY REFRESH,model_flagged_decline_risk,104,3.1,0.0,207,0,0.0,0.0,5315.0,144
content_e2738a3c775f,0.962977188898315,HIGH PRIORITY REFRESH,model_flagged_decline_risk,104,25.1,0.06,1423,1,0.0,0.0,6231.0,139
content_e3b5918900c2,0.9629708633312273,HIGH PRIORITY REFRESH,model_flagged_decline_risk,104,31.2,0.11,5166,5,0.0,0.0,5730.0,151
content_ff1e1db5c019,0.9629432380179592,HIGH PRIORITY REFRESH,model_flagged_decline_risk,104,22.4,0.05,2953,0,0.0,0.0,6056.0,139
content_54d30b98b56d,0.9629281555470319,HIGH PRIORITY REFRESH,model_flagged_decline_risk,104,32.1,0.07,3921,3,0.0,0.0,6478.0,148
content_d205ff5017e4,0.9629281555470319,HIGH PRIORITY REFRESH,model_flagged_decline_risk,104,28.7,0.07,3226,2,0.0,0.0,5658.0,153
content_d8020ed269ef,0.9627529603139398,HIGH PRIORITY REFRESH,model_flagged_decline_risk,104,1.2,0.08,315,1,0.0,0.0,5703.0,148
content_1aa0c0e14f87,0.9627460889359015,HIGH PRIORITY REFRESH,model_flagged_decline_risk,8,33.7,0.0,4,0,20.0,0.0,3496.0,91
content_236dffc73f58,0.9627180178498795,HIGH PRIORITY REFRESH,model_flagged_decline_risk,104,29.9,0.12,7919,7,0.0,0.0,5231.0,223
content_9e0c9161935f,0.962702235659314,HIGH PRIORITY REFRESH,model_flagged_decline_risk,104,42.9,0.04,1272,0,0.0,0.0,5083.0,139
content_5d4cd0c99100,0.9626950384578292,HIGH PRIORITY REFRESH,model_flagged_decline_risk,104,43.8,0.03,4214,1,0.0,0.0,5239.0,151
content_a467a30832b8,0.9626950384578292,HIGH PRIORITY REFRESH,model_flagged_decline_risk,104,39.1,0.02,1707,1,0.0,0.0,5781.0,148
content_4fc70e470460,0.9626707655350593,HIGH PRIORITY REFRESH,model_flagged_decline_risk,104,5.7,0.0,214,0,0.0,0.0,1586.0,228
content_201c5c2257b9,0.9625636465396911,HIGH PRIORITY REFRESH,model_flagged_decline_risk,20,1.5,0.0,196,0,0.0,0.0,2623.0,133
content_2a57f2016a14,0.9625539636140752,HIGH PRIORITY REFRESH,model_flagged_decline_risk,15,0.6,0.04,2234,0,10.0,0.0,2512.0,131
content_003e0d52bd3d,0.9625157239672111,HIGH PRIORITY REFRESH,model_flagged_decline_risk,104,19.4,0.18,12858,31,0.0,0.0,5960.0,216
content_a27eb2ede5e6,0.9623825184340572,HIGH PRIORITY REFRESH,model_flagged_decline_risk,104,2.0,0.12,433,0,0.0,0.0,6898.0,139
content_4b60f0aa0601,0.9623489851859468,HIGH PRIORITY REFRESH,model_flagged_decline_risk,8,8.3,0.0,5,0,10.0,0.06,3538.0,91
content_dec180daa24f,0.9622516996967572,HIGH PRIORITY REFRESH,model_flagged_decline_risk,104,34.1,0.04,1923,1,0.0,0.0,6929.0,223
content_4b5846808b1c,0.9621701000036129,HIGH PRIORITY REFRESH,model_flagged_decline_risk,104,36.3,0.05,10369,5,0.0,0.0,5329.0,216
content_34753a1a9117,0.9620934089351331,HIGH PRIORITY REFRESH,model_flagged_decline_risk,104,1.9,0.0,16,0,50.0,0.36,0.0,257
content_00d3b3cb7891,0.9620521642595349,HIGH PRIORITY REFRESH,model_flagged_decline_risk,8,13.0,0.0,23,0,0.0,0.0,3883.0,96
content_1ee723a08429,0.9620446430233409,HIGH PRIORITY REFRESH,model_flagged_decline_risk,104,19.3,0.26,7779,20,0.0,0.0,5345.0,211
content_944ee2e17f1c,0.9619695393252404,HIGH PRIORITY REFRESH,model_flagged_decline_risk,104,33.8,0.27,3315,14,0.0,0.0,6455.0,216
content_872c3ec12ff0,0.9619652451256115,HIGH PRIORITY REFRESH,model_flagged_decline_risk,104,25.3,0.06,1554,0,0.0,0.0,6196.0,223
content_350d594c0844,0.961952804558338,HIGH PRIORITY REFRESH,model_flagged_decline_risk,104,17.8,0.06,1498,1,0.0,0.0,5987.0,223
content_bbc985da741a,0.9619179514400591,HIGH PRIORITY REFRESH,model_flagged_decline_risk,104,19.1,0.04,2413,0,0.0,0.0,7647.0,223
content_9f180a1406cc,0.9618227378411233,HIGH PRIORITY REFRESH,model_flagged_decline_risk,8,6.5,0.0,164,0,0.0,0.0,2917.0,90
content_ccaae106ecb6,0.961816280906688,HIGH PRIORITY REFRESH,model_flagged_decline_risk,104,36.6,0.06,13195,15,0.0,0.0,6531.0,216
content_c91d34d4c522,0.961781900662151,HIGH PRIORITY REFRESH,model_flagged_decline_risk,20,28.6,0.46,4101,18,0.0,0.0,3761.0,104
content_81a16ef4d700,0.961760553737731,HIGH PRIORITY REFRESH,model_flagged_decline_risk,104,30.9,0.0,2551,0,0.0,0.0,5454.0,139
content_b1863d5d594f,0.9617243331125572,HIGH PRIORITY REFRESH,model_flagged_decline_risk,20,17.9,0.42,4741,16,0.0,0.0,4552.0,118
content_f146d105b2be,0.9616943272248205,HIGH PRIORITY REFRESH,model_flagged_decline_risk,104,29.6,0.06,2443,1,0.0,0.0,6698.0,153
content_d4cff59233bb,0.9616943272248205,HIGH PRIORITY REFRESH,model_flagged_decline_risk,104,23.6,0.06,1432,1,0.0,0.0,5157.0,151
content_2fc8c474a51b,0.9616592467657953,HIGH PRIORITY REFRESH,model_flagged_decline_risk,104,22.7,0.03,2390,0,0.0,0.0,6579.0,151
content_d1a0c65a380b,0.9615733250426693,HIGH PRIORITY REFRESH,model_flagged_decline_risk,104,44.9,0.02,2991,0,0.0,0.0,5570.0,223
content_bf6f3bd83380,0.9615337125613469,HIGH PRIORITY REFRESH,model_flagged_decline_risk,104,29.2,0.09,1504,1,0.0,0.0,6417.0,223
content_eb32d7ec689c,0.9615236151635228,HIGH PRIORITY REFRESH,model_flagged_decline_risk,104,20.2,0.17,18362,33,0.0,0.0,5592.0,216
content_0af426466565,0.9615135980581904,HIGH PRIORITY REFRESH,model_flagged_decline_risk,8,3.6,0.0,8,0,20.0,0.8,2494.0,91
content_2fabcd10f49c,0.9614670925741607,HIGH PRIORITY REFRESH,model_flagged_decline_risk,8,32.2,0.08,1373,0,0.0,0.0,5040.0,148
content_6d0ce22ba5f7,0.961463546397557,HIGH PRIORITY REFRESH,model_flagged_decline_risk,104,15.5,0.62,8651,59,0.0,0.0,6451.0,144
content_b79cd1e938ea,0.9614505632858183,HIGH PRIORITY REFRESH,model_flagged_decline_risk,104,40.8,0.17,11048,20,0.0,0.0,4155.0,124
content_39666f73799d,0.9614102284889579,HIGH PRIORITY REFRESH,model_flagged_decline_risk,104,38.7,0.02,1827,0,0.0,0.0,5024.0,153
content_8c5a53383b65,0.9613613900962178,HIGH PRIORITY REFRESH,model_flagged_decline_risk,104,27.5,0.1,755,1,0.0,0.0,5101.0,148
content_ab42f810c924,0.9612929451693735,HIGH PRIORITY REFRESH,model_flagged_decline_risk,104,22.3,0.46,1921,11,0.0,0.0,6222.0,223
content_ac5314862c34,0.9612929451693735,HIGH PRIORITY REFRESH,model_flagged_decline_risk,104,21.6,0.4,2355,10,0.0,0.0,6522.0,223
content_7e97f31ba9bb,0.9612319864065487,HIGH PRIORITY REFRESH,model_flagged_decline_risk,104,0.7,0.0,209,0,0.0,0.0,0.0,330
content_fa9ebca5b36d,0.961201996799304,HIGH PRIORITY REFRESH,model_flagged_decline_risk,8,8.1,0.0,6,0,20.0,0.09,3553.0,98
content_e74933316051,0.9611691353983144,HIGH PRIORITY REFRESH,model_flagged_decline_risk,8,5.7,0.0,799,0,0.0,0.0,5152.0,99
content_58e4beb6707f,0.9611572269960869,HIGH PRIORITY REFRESH,model_flagged_decline_risk,104,20.5,0.06,1089,1,0.0,0.0,6032.0,139
content_660ee321e2be,0.9611485706443512,HIGH PRIORITY REFRESH,model_flagged_decline_risk,104,36.3,0.05,3179,1,0.0,0.0,6556.0,223
content_33e9c02cb60d,0.961055143397886,HIGH PRIORITY REFRESH,model_flagged_decline_risk,104,23.6,0.13,5906,6,0.0,0.0,5503.0,144
content_5a6a88d83124,0.9610500432518797,HIGH PRIORITY REFRESH,model_flagged_decline_risk,104,18.6,0.0,790,0,0.0,0.0,4962.0,148
content_519c47c1b453,0.9610475129782112,HIGH PRIORITY REFRESH,model_flagged_decline_risk,104,45.3,0.0,1753,0,0.0,0.0,5331.0,151
content_8ed11d98ed15,0.9610227525242387,HIGH PRIORITY REFRESH,model_flagged_decline_risk,104,31.1,0.24,4490,11,0.0,0.0,5630.0,223
content_8a9cb52a1478,0.9610121554070219,HIGH PRIORITY REFRESH,model_flagged_decline_risk,104,18.3,0.04,4545,2,0.0,0.0,5331.0,153
content_21963a7d58d2,0.9609745069284125,HIGH PRIORITY REFRESH,model_flagged_decline_risk,20,27.0,0.04,26566,4,0.0,0.0,3654.0,111
content_70dba941a4cd,0.9608745531605776,HIGH PRIORITY REFRESH,model_flagged_decline_risk,104,41.2,0.05,1572,0,0.0,0.0,5594.0,151
content_61873e150f71,0.9607609817342017,HIGH PRIORITY REFRESH,model_flagged_decline_risk,104,21.9,0.16,16966,26,0.0,0.0,4742.0,151
content_172ef35ccc0e,0.9607532400496358,HIGH PRIORITY REFRESH,model_flagged_decline_risk,104,20.2,0.68,1881,11,0.0,0.0,6190.0,144
content_a2b466522a82,0.9607532400496358,HIGH PRIORITY REFRESH,model_flagged_decline_risk,104,17.7,0.56,2571,12,0.0,0.0,6537.0,144
content_512fdd72fd99,0.9607299988472069,HIGH PRIORITY REFRESH,model_flagged_decline_risk,104,35.3,0.08,16759,14,0.0,0.0,6549.0,216
content_47cfaff33c47,0.9607223765571935,HIGH PRIORITY REFRESH,model_flagged_decline_risk,104,26.4,0.16,7063,8,0.0,0.0,6685.0,148
content_a0db26d929cb,0.960684959553408,HIGH PRIORITY REFRESH,model_flagged_decline_risk,104,35.6,0.03,3528,2,0.0,0.0,8689.0,223
content_b03ea7190aea,0.9606146758872318,HIGH PRIORITY REFRESH,model_flagged_decline_risk,8,2.6,0.0,481,0,10.0,0.74,2746.0,106
content_ff94c9b6b411,0.9605818438931983,HIGH PRIORITY REFRESH,model_flagged_decline_risk,20,27.4,0.04,96122,37,20.0,0.0,5375.0,154
content_cd57dbfcb318,0.9604089838839475,HIGH PRIORITY REFRESH,model_flagged_decline_risk,104,23.2,0.05,4495,1,0.0,0.0,5229.0,139
content_9de87c28e9a4,0.9603285373646309,HIGH PRIORITY REFRESH,model_flagged_decline_risk,8,23.0,0.24,740,2,0.0,0.0,3975.0,148
content_a61a67f88447,0.9603047533539218,HIGH PRIORITY REFRESH,model_flagged_decline_risk,104,31.6,0.09,1416,1,0.0,0.0,6699.0,148
content_6c8fe000bda2,0.9602593108115222,HIGH PRIORITY REFRESH,model_flagged_decline_risk,20,24.7,0.6,3095,19,0.0,0.0,3802.0,104
content_f42cda7177bc,0.9602477424981245,HIGH PRIORITY REFRESH,model_flagged_decline_risk,104,1.8,0.0,20,0,20.0,0.05,0.0,256
content_45420932c150,0.9601172663352248,HIGH PRIORITY REFRESH,model_flagged_decline_risk,104,23.9,0.08,640,0,0.0,0.0,5789.0,223
content_c7d517e2b248,0.9601112971226342,HIGH PRIORITY REFRESH,model_flagged_decline_risk,104,42.8,0.13,9708,18,0.0,0.0,6129.0,211
content_262ae9dd701a,0.9600857454559127,HIGH PRIORITY REFRESH,model_flagged_decline_risk,1,3.3,0.0,2,0,0.0,0.0,2608.0,91
content_83576ccc6ed8,0.9600507897020714,HIGH PRIORITY REFRESH,model_flagged_decline_risk,104,20.3,0.86,3373,41,0.0,0.0,5402.0,144
content_316f4b2f98cc,0.9600444178576976,HIGH PRIORITY REFRESH,model_flagged_decline_risk,8,4.2,0.0,9,0,90.0,0.1,2946.0,98
content_c26c1128d026,0.9600161973025435,HIGH PRIORITY REFRESH,model_flagged_decline_risk,8,41.7,0.05,584,0,0.0,0.0,4913.0,148
content_29b37642c22a,0.9600055962942369,HIGH PRIORITY REFRESH,model_flagged_decline_risk,104,15.3,0.0,766,0,0.0,0.0,5335.0,223
content_80ab8f6a154a,0.9599859288134152,HIGH PRIORITY REFRESH,model_flagged_decline_risk,8,8.0,0.0,343,0,0.0,0.0,2663.0,148
content_adfc509e125d,0.9598881151307646,HIGH PRIORITY REFRESH,model_flagged_decline_risk,104,29.7,0.1,26105,28,0.0,0.0,6358.0,223
content_b81958438551,0.9598270449945081,HIGH PRIORITY REFRESH,model_flagged_decline_risk,104,25.6,0.06,1300,0,0.0,0.0,5300.0,151
content_b1958b76c4e9,0.9598270449945081,HIGH PRIORITY REFRESH,model_flagged_decline_risk,104,30.0,0.06,1520,0,0.0,0.0,6824.0,148
content_88a2e9238054,0.9597991058824411,HIGH PRIORITY REFRESH,model_flagged_decline_risk,20,1.0,0.06,634,1,10.0,0.43,2828.0,95
content_845a243716ba,0.9597621158200088,HIGH PRIORITY REFRESH,model_flagged_decline_risk,104,26.6,0.09,1158,0,0.0,0.0,6605.0,139
content_9dedbc330e1f,0.9596650074846125,HIGH PRIORITY REFRESH,model_flagged_decline_risk,104,23.9,0.06,769,0,0.0,0.0,7877.0,223
content_d0351144852b,0.9595522799814906,HIGH PRIORITY REFRESH,model_flagged_decline_risk,104,0.6,0.0,102,0,40.0,0.03,0.0,153
content_8baf0753770f,0.959515961242261,HIGH PRIORITY REFRESH,model_flagged_decline_risk,104,24.5,0.13,3224,6,0.0,0.0,6613.0,223
content_7f8528a29025,0.959432416494182,HIGH PRIORITY REFRESH,model_flagged_decline_risk,104,16.8,0.1,3388,4,0.0,0.0,6473.0,151
content_1fedb6a2a17b,0.9593541170062928,HIGH PRIORITY REFRESH,model_flagged_decline_risk,104,37.8,0.16,6678,11,0.0,0.0,5447.0,216
content_e8699111381e,0.9593478537887107,HIGH PRIORITY REFRESH,model_flagged_decline_risk,8,8.3,0.0,4,0,0.0,0.0,3679.0,90
content_25c3a2bb5621,0.9593298080874628,HIGH PRIORITY REFRESH,model_flagged_decline_risk,104,24.1,0.03,2150,0,0.0,0.0,7055.0,223
content_f1321854c3d1,0.9593298080874628,HIGH PRIORITY REFRESH,model_flagged_decline_risk,104,25.0,0.02,1126,0,0.0,0.0,5712.0,223
content_e4d10f7525ef,0.9593298080874628,HIGH PRIORITY REFRESH,model_flagged_decline_risk,104,23.1,0.02,1428,0,0.0,0.0,6769.0,223
content_9a846e27c03d,0.9592924755752226,HIGH PRIORITY REFRESH,model_flagged_decline_risk,104,20.3,0.23,6144,23,0.0,0.0,4788.0,223
content_02c32f789281,0.9592591804567608,HIGH PRIORITY REFRESH,model_flagged_decline_risk,104,26.2,0.0,780,0,0.0,0.0,6169.0,148
content_7c52db89e3f2,0.9592591804567608,HIGH PRIORITY REFRESH,model_flagged_decline_risk,104,25.0,0.0,588,0,0.0,0.0,5949.0,151
content_a6223ddfe9ae,0.9592591804567608,HIGH PRIORITY REFRESH,model_flagged_decline_risk,104,27.7,0.0,706,0,0.0,0.0,6829.0,153
content_f55fd2d8ed04,0.9591876255795333,HIGH PRIORITY REFRESH,model_flagged_decline_risk,104,1.3,0.09,497,0,30.0,0.0,1604.0,230
content_90543303d933,0.9591378253164801,HIGH PRIORITY REFRESH,model_flagged_decline_risk,104,19.9,0.38,2195,16,0.0,0.0,5083.0,223
content_9ffce579ab96,0.9591270047684577,HIGH PRIORITY REFRESH,model_flagged_decline_risk,19,2.1,0.0,250,0,10.0,0.6,2555.0,131
content_f4a0769e84f5,0.9590808633888788,HIGH PRIORITY REFRESH,model_flagged_decline_risk,104,38.5,0.03,3265,1,0.0,0.0,4761.0,153
content_93c277cfc016,0.9590409175051017,HIGH PRIORITY REFRESH,model_flagged_decline_risk,104,29.4,0.04,1812,1,0.0,0.0,5358.0,151
content_67e6c561604a,0.9590409175051017,HIGH PRIORITY REFRESH,model_flagged_decline_risk,104,26.6,0.03,3265,1,0.0,0.0,6262.0,153
content_f795fecd5600,0.9589967010065665,HIGH PRIORITY REFRESH,model_flagged_decline_risk,104,39.2,0.02,2672,0,0.0,0.0,4503.0,153
content_6e1add102562,0.9589613375544398,HIGH PRIORITY REFRESH,model_flagged_decline_risk,8,6.1,0.0,37,0,0.0,0.0,4056.0,92
content_3d8f6737ad9d,0.9589221202993444,HIGH PRIORITY REFRESH,model_flagged_decline_risk,8,8.6,0.0,25,0,40.0,0.29,3109.0,95
content_bb6c9ae71383,0.9588684716416834,HIGH PRIORITY REFRESH,model_flagged_decline_risk,20,3.0,0.0,403,0,0.0,0.0,3835.0,118
content_7aa8f12c3409,0.9587834678038819,HIGH PRIORITY REFRESH,model_flagged_decline_risk,20,42.6,0.04,1623,0,0.0,0.0,3970.0,118
content_e69b16c41b05,0.9587834678038819,HIGH PRIORITY REFRESH,model_flagged_decline_risk,20,40.2,0.04,1480,0,0.0,0.0,3829.0,111
content_1e57b71527e4,0.9587772608840863,HIGH PRIORITY REFRESH,model_flagged_decline_risk,19,1.2,0.0,170,0,50.0,0.0,2764.0,165
content_7a0a16d06090,0.9586716177838833,HIGH PRIORITY REFRESH,model_flagged_decline_risk,104,26.1,0.13,4048,4,0.0,0.0,5150.0,139
content_bf5df4b81c51,0.9586609932328537,HIGH PRIORITY REFRESH,model_flagged_decline_risk,104,27.6,0.08,1029,1,0.0,0.0,5356.0,223
content_b832f1e413b5,0.9586100603750392,HIGH PRIORITY REFRESH,model_flagged_decline_risk,104,24.7,0.07,714,1,0.0,0.0,6380.0,151
content_09bd0449a328,0.9585786497546477,HIGH PRIORITY REFRESH,model_flagged_decline_risk,8,42.4,0.1,1755,0,0.0,0.0,4500.0,148
content_89bb2df725d0,0.9585174119478181,HIGH PRIORITY REFRESH,model_flagged_decline_risk,8,3.9,0.0,2,0,50.0,0.21,2827.0,91
content_2448b3b4aecd,0.958481750174038,HIGH PRIORITY REFRESH,model_flagged_decline_risk,104,31.5,0.05,1322,0,0.0,0.0,6098.0,139
content_47b0408f0864,0.958481750174038,HIGH PRIORITY REFRESH,model_flagged_decline_risk,104,30.7,0.04,1410,0,0.0,0.0,6213.0,139
content_7ae230422776,0.9584769317799547,HIGH PRIORITY REFRESH,model_flagged_decline_risk,104,2.7,0.04,683,0,0.0,0.0,6070.0,144
content_06eaf64823e0,0.9584682194027767,HIGH PRIORITY REFRESH,model_flagged_decline_risk,104,18.8,0.05,1288,1,0.0,0.0,6039.0,139
content_954e51128778,0.9584282624399668,HIGH PRIORITY REFRESH,model_flagged_decline_risk,104,36.1,0.76,2603,13,0.0,0.0,5853.0,223
content_b19e19f6230c,0.9583428659863552,HIGH PRIORITY REFRESH,model_flagged_decline_risk,104,18.7,0.1,988,0,0.0,0.0,5288.0,139
content_3f3ffb33fad0,0.9581769908481874,HIGH PRIORITY REFRESH,model_flagged_decline_risk,104,15.7,0.18,5138,11,0.0,0.0,5846.0,144
content_579414680ff1,0.9581720479835832,HIGH PRIORITY REFRESH,model_flagged_decline_risk,104,1.7,0.0,28,0,50.0,0.12,0.0,153
content_a028e9d6f5bd,0.9581696819436082,HIGH PRIORITY REFRESH,model_flagged_decline_risk,104,21.2,0.11,1593,0,0.0,0.0,6175.0,148
content_73eaf5c97fef,0.9581651117613522,HIGH PRIORITY REFRESH,model_flagged_decline_risk,8,20.0,0.0,3,0,20.0,0.0,3814.0,91
content_26398ced280d,0.9581437180843517,HIGH PRIORITY REFRESH,model_flagged_decline_risk,104,14.9,0.43,3979,21,0.0,0.0,5552.0,144
content_782d95b2d526,0.9580917695484352,HIGH PRIORITY REFRESH,model_flagged_decline_risk,104,20.4,0.16,9529,17,0.0,0.0,6046.0,211
content_2ee8ea676b1e,0.9580187352672752,HIGH PRIORITY REFRESH,model_flagged_decline_risk,104,26.0,0.05,633,1,0.0,0.0,5778.0,139
content_1bf1e5b81a61,0.9579989206054058,HIGH PRIORITY REFRESH,model_flagged_decline_risk,104,26.7,0.13,40948,59,0.0,0.0,3732.0,124
content_f7671038eb94,0.9579825672055743,HIGH PRIORITY REFRESH,model_flagged_decline_risk,104,45.9,0.02,2806,0,0.0,0.0,4723.0,139
content_be7555890f38,0.9579069200056781,HIGH PRIORITY REFRESH,model_flagged_decline_risk,20,40.8,0.09,1646,0,0.0,0.0,4072.0,118
content_3368d05360bc,0.9578797271615762,HIGH PRIORITY REFRESH,model_flagged_decline_risk,104,25.8,0.08,665,0,0.0,0.0,5750.0,148
content_55943ca3ec1e,0.9578701835239571,HIGH PRIORITY REFRESH,model_flagged_decline_risk,20,2.6,0.0,450,0,0.0,0.0,2674.0,90
content_3cc7636972f7,0.9578666103329617,HIGH PRIORITY REFRESH,model_flagged_decline_risk,104,4.6,0.0,317,0,0.0,0.0,5427.0,144
content_09eb2e978b69,0.957852681080844,HIGH PRIORITY REFRESH,model_flagged_decline_risk,104,28.3,0.36,1769,9,0.0,0.0,6502.0,144
content_9762f75ff577,0.957839775266527,HIGH PRIORITY REFRESH,model_flagged_decline_risk,104,42.8,0.02,6028,0,0.0,0.0,5413.0,216
content_b361b9bdad60,0.9578265206013613,HIGH PRIORITY REFRESH,model_flagged_decline_risk,8,5.1,0.0,31,0,0.0,0.0,4638.0,91
content_673324af4741,0.9576761422488302,HIGH PRIORITY REFRESH,model_flagged_decline_risk,104,28.2,0.35,3123,9,0.0,0.0,7248.0,223
content_0b263dda73c6,0.9576751705507844,HIGH PRIORITY REFRESH,model_flagged_decline_risk,104,18.4,0.07,1349,1,0.0,0.0,4972.0,151
content_537995371390,0.9576309807021208,HIGH PRIORITY REFRESH,model_flagged_decline_risk,20,25.8,0.45,1704,9,0.0,0.0,3739.0,90
content_d43654617552,0.9575837194262978,HIGH PRIORITY REFRESH,model_flagged_decline_risk,104,34.8,0.11,1242,3,0.0,0.0,6763.0,223
content_464c21835c14,0.9575333561666987,HIGH PRIORITY REFRESH,model_flagged_decline_risk,104,21.1,0.12,2200,2,0.0,0.0,6723.0,223
content_28dde7af05bf,0.9574032209602437,HIGH PRIORITY REFRESH,model_flagged_decline_risk,104,27.1,0.06,847,0,0.0,0.0,6693.0,144
content_0e9a3474ec41,0.9573791751790244,HIGH PRIORITY REFRESH,model_flagged_decline_risk,8,2.1,0.0,24,0,20.0,0.28,1700.0,95
content_6e26ac717e96,0.9573288152160978,HIGH PRIORITY REFRESH,model_flagged_decline_risk,104,17.2,0.05,755,0,0.0,0.0,8314.0,223
content_2ce00cf6f8f9,0.9572780408991141,HIGH PRIORITY REFRESH,model_flagged_decline_risk,104,40.1,0.09,899,1,0.0,0.0,8706.0,223
content_f8b027f2c75d,0.9572638389330903,HIGH PRIORITY REFRESH,model_flagged_decline_risk,8,3.3,0.0,14,0,0.0,0.0,4156.0,91
content_d983fb4ec74f,0.9572556633962207,HIGH PRIORITY REFRESH,model_flagged_decline_risk,104,0.5,0.0,21,0,0.0,0.0,2368.0,275
content_1577e55cbe22,0.9572461892883941,HIGH PRIORITY REFRESH,model_flagged_decline_risk,104,22.4,0.12,5722,3,0.0,0.0,5704.0,153
content_26f51251d616,0.9572269336123967,HIGH PRIORITY REFRESH,model_flagged_decline_risk,104,21.6,0.34,4482,23,0.0,0.0,6247.0,216
content_be97fc92977b,0.957221101309734,HIGH PRIORITY REFRESH,model_flagged_decline_risk,104,29.6,0.1,970,0,0.0,0.0,6781.0,223
content_972024c71036,0.9572160893258918,HIGH PRIORITY REFRESH,model_flagged_decline_risk,20,38.3,0.04,4346,2,0.0,0.0,3743.0,98
content_604daa1aff1d,0.957103921620992,HIGH PRIORITY REFRESH,model_flagged_decline_risk,104,25.0,0.07,1357,0,0.0,0.0,5985.0,151
content_82b4367c7421,0.95708996191895,HIGH PRIORITY REFRESH,model_flagged_decline_risk,104,19.5,0.07,1308,1,0.0,0.0,5291.0,148
content_cfbb20d73437,0.957050066473612,HIGH PRIORITY REFRESH,model_flagged_decline_risk,104,31.9,0.03,1208,0,0.0,0.0,5603.0,144
content_be80af3350ab,0.957050066473612,HIGH PRIORITY REFRESH,model_flagged_decline_risk,104,31.4,0.03,1370,0,0.0,0.0,5453.0,153
content_0c0712027f83,0.957050066473612,HIGH PRIORITY REFRESH,model_flagged_decline_risk,104,22.1,0.03,1251,0,0.0,0.0,6953.0,151
content_58225d87e600,0.957050066473612,HIGH PRIORITY REFRESH,model_flagged_decline_risk,104,29.4,0.04,942,0,0.0,0.0,6118.0,151
content_c05fb934602f,0.9570387307973098,HIGH PRIORITY REFRESH,model_flagged_decline_risk,20,36.9,0.05,1459,0,0.0,0.0,3785.0,104
content_0c294e9a377b,0.9568914726111419,HIGH PRIORITY REFRESH,model_flagged_decline_risk,104,20.1,0.13,5876,7,0.0,0.0,7836.0,153
content_463365335aed,0.9566525103244478,HIGH PRIORITY REFRESH,model_flagged_decline_risk,104,28.7,0.08,1407,0,0.0,0.0,6185.0,223
content_2dbab51b83c9,0.9566371514916724,HIGH PRIORITY REFRESH,model_flagged_decline_risk,20,9.1,0.0,288,0,0.0,0.0,3957.0,172
content_a08172d71a79,0.9566236523470919,HIGH PRIORITY REFRESH,model_flagged_decline_risk,20,42.5,0.05,5860,1,0.0,0.0,4033.0,111
content_452320173d83,0.956571981354705,HIGH PRIORITY REFRESH,model_flagged_decline_risk,104,34.6,0.13,2294,3,0.0,0.0,5512.0,148
content_19167461a1a4,0.9565690561349869,HIGH PRIORITY REFRESH,model_flagged_decline_risk,104,38.6,0.08,4708,5,0.0,0.0,6319.0,216
content_db13a3ac2d38,0.9565551415264985,HIGH PRIORITY REFRESH,model_flagged_decline_risk,104,17.8,0.11,946,0,0.0,0.0,6777.0,139
content_2489ce211d9a,0.9565485241831475,HIGH PRIORITY REFRESH,model_flagged_decline_risk,20,2.8,0.0,121,0,0.0,0.0,3534.0,130
content_634a01109dc7,0.9565144321785852,HIGH PRIORITY REFRESH,model_flagged_decline_risk,104,27.6,0.0,866,0,0.0,0.0,5018.0,139
content_b729dce3adf7,0.9564378047416671,HIGH PRIORITY REFRESH,model_flagged_decline_risk,20,43.0,0.06,5633,3,0.0,0.0,3832.0,95
content_465c71d7e871,0.9563028289943557,HIGH PRIORITY REFRESH,model_flagged_decline_risk,104,33.5,0.08,8068,8,0.0,0.0,5278.0,211
content_7bc3b9b21d4c,0.9562901259936424,HIGH PRIORITY REFRESH,model_flagged_decline_risk,104,20.0,0.08,2208,0,0.0,0.0,6009.0,216
content_2987bed39226,0.9562398755758386,HIGH PRIORITY REFRESH,model_flagged_decline_risk,8,6.4,0.0,9,0,0.0,0.0,3886.0,95
content_cbdf5a78dcd0,0.956019714840059,HIGH PRIORITY REFRESH,model_flagged_decline_risk,104,2.4,0.02,1371,0,110.0,0.14,3187.0,126
content_02bcf3eec147,0.9560149077183595,HIGH PRIORITY REFRESH,model_flagged_decline_risk,104,2.2,0.0,218,0,50.0,0.09,0.0,153
content_236f562c02a8,0.9559661721886388,HIGH PRIORITY REFRESH,model_flagged_decline_risk,104,21.2,0.03,663,1,0.0,0.0,5572.0,139
content_eb3404dc33dc,0.9559411224947955,HIGH PRIORITY REFRESH,model_flagged_decline_risk,104,21.5,0.0,444,0,0.0,0.0,6217.0,223
content_029a207c8452,0.9557276618948238,HIGH PRIORITY REFRESH,model_flagged_decline_risk,104,29.4,0.06,31359,16,0.0,0.0,5154.0,216
content_9e1966888068,0.9556345510559949,HIGH PRIORITY REFRESH,model_flagged_decline_risk,20,1.8,0.23,299,1,0.0,0.0,3561.0,90
content_79308d45682f,0.9555832821558083,HIGH PRIORITY REFRESH,model_flagged_decline_risk,104,23.2,0.14,32116,39,0.0,0.0,6104.0,211
content_83263791a59e,0.9554347454575296,HIGH PRIORITY REFRESH,model_flagged_decline_risk,104,21.7,0.15,2512,4,0.0,0.0,5124.0,151
content_bcb5a8ae4601,0.9553219673922009,HIGH PRIORITY REFRESH,model_flagged_decline_risk,104,21.0,0.06,765,0,0.0,0.0,6208.0,148
content_28499d01a0c6,0.9553219673922009,HIGH PRIORITY REFRESH,model_flagged_decline_risk,104,19.2,0.06,693,0,0.0,0.0,6702.0,144
content_249d1a8743e1,0.9552804581431188,HIGH PRIORITY REFRESH,model_flagged_decline_risk,104,28.9,0.03,2080,0,0.0,0.0,6568.0,223
content_e9cc09b619e7,0.9552804581431188,HIGH PRIORITY REFRESH,model_flagged_decline_risk,104,29.4,0.03,1341,0,0.0,0.0,5862.0,223
content_d8a309ca8d17,0.9551576226048181,HIGH PRIORITY REFRESH,model_flagged_decline_risk,104,19.4,0.12,2012,4,0.0,0.0,5292.0,148
content_11cc6f77700f,0.9551566628306684,HIGH PRIORITY REFRESH,model_flagged_decline_risk,104,19.3,0.11,6354,8,0.0,0.0,5685.0,211
content_edf5b03b36aa,0.954981281382107,HIGH PRIORITY REFRESH,model_flagged_decline_risk,20,3.1,0.0,323,0,0.0,0.0,2539.0,117
content_f6f9181b33a8,0.9549537293814638,HIGH PRIORITY REFRESH,model_flagged_decline_risk,104,17.6,0.06,1486,1,0.0,0.0,5614.0,153
content_ce5841ce77f4,0.954952369861686,HIGH PRIORITY REFRESH,model_flagged_decline_risk,104,18.6,0.03,2080,0,0.0,0.0,7098.0,148
content_ada11ea47a1e,0.9549141295837195,HIGH PRIORITY REFRESH,model_flagged_decline_risk,20,25.7,1.48,1516,13,0.0,0.0,3678.0,104
content_2905b598c35d,0.9548329172180848,HIGH PRIORITY REFRESH,model_flagged_decline_risk,104,18.9,0.07,9288,13,0.0,0.0,4455.0,144
content_6dfc96ae463c,0.9547625282516584,HIGH PRIORITY REFRESH,model_flagged_decline_risk,8,19.3,0.0,2,0,10.0,0.11,4034.0,90
content_f3dc9bef3289,0.9545979846465622,HIGH PRIORITY REFRESH,model_flagged_decline_risk,20,4.6,0.0,493,0,0.0,0.0,2279.0,144
content_141a4af0e27a,0.9544948870961993,HIGH PRIORITY REFRESH,model_flagged_decline_risk,8,14.5,0.0,4,0,20.0,0.19,3178.0,98
content_d99bdb65ecf0,0.954487260380135,HIGH PRIORITY REFRESH,model_flagged_decline_risk,104,25.3,0.28,2783,8,0.0,0.0,5315.0,223
content_65c03925e49f,0.9544794879325158,HIGH PRIORITY REFRESH,model_flagged_decline_risk,104,2.5,0.0,270,0,20.0,0.04,0.0,256
content_87b7747864ed,0.9544734137574947,HIGH PRIORITY REFRESH,model_flagged_decline_risk,8,19.5,0.0,11,0,30.0,0.37,3259.0,98
content_e973ad4eacf7,0.9544666425564705,HIGH PRIORITY REFRESH,model_flagged_decline_risk,104,25.4,0.04,806,0,0.0,0.0,5537.0,151
content_1d462e6151e1,0.9544666425564705,HIGH PRIORITY REFRESH,model_flagged_decline_risk,104,23.4,0.02,812,0,0.0,0.0,5596.0,148
content_4afbfc53ca8e,0.9544666425564705,HIGH PRIORITY REFRESH,model_flagged_decline_risk,104,24.9,0.04,859,0,0.0,0.0,5374.0,148
content_a64a0e7e2894,0.9544666425564705,HIGH PRIORITY REFRESH,model_flagged_decline_risk,104,22.7,0.03,770,0,0.0,0.0,5803.0,148
content_1ad241fb521a,0.9544510095836579,HIGH PRIORITY REFRESH,model_flagged_decline_risk,8,1.1,0.05,1238,0,210.0,0.5,2479.0,105
content_d91092100626,0.9544090901687887,HIGH PRIORITY REFRESH,model_flagged_decline_risk,104,16.7,0.16,24626,40,0.0,0.0,5712.0,153
content_e296ad157f69,0.9543449541011618,HIGH PRIORITY REFRESH,model_flagged_decline_risk,104,25.8,0.08,12830,5,0.0,0.0,5419.0,229
content_2ad23dedb3a9,0.9543107455469204,HIGH PRIORITY REFRESH,model_flagged_decline_risk,104,16.4,0.36,2959,14,0.0,0.0,5171.0,153
content_a53d1c4231b3,0.9541598794395579,HIGH PRIORITY REFRESH,model_flagged_decline_risk,20,12.4,0.0,266,0,0.0,0.0,3998.0,141
content_d7d06a893dcf,0.9540603879331194,HIGH PRIORITY REFRESH,model_flagged_decline_risk,104,35.8,0.07,2326,1,0.0,0.0,6841.0,216
content_5b4f8f88151e,0.9539885558609958,HIGH PRIORITY REFRESH,model_flagged_decline_risk,104,1.6,0.0,20,0,90.0,0.2,0.0,362
content_c5a22862db5f,0.9539683594084731,HIGH PRIORITY REFRESH,model_flagged_decline_risk,7,4.0,0.05,2279,0,0.0,0.0,2890.0,228
content_88b343ce6e92,0.9539629394543812,HIGH PRIORITY REFRESH,model_flagged_decline_risk,8,29.0,0.0,655,0,10.0,0.0,4240.0,140
content_30d41b532aa1,0.9538409155425478,HIGH PRIORITY REFRESH,model_flagged_decline_risk,104,42.7,0.47,4175,16,0.0,0.0,3891.0,125
content_136ad3ae062b,0.9537918795050525,HIGH PRIORITY REFRESH,model_flagged_decline_risk,104,19.6,0.0,367,0,0.0,0.0,5176.0,223
content_123807db2a80,0.9537918795050525,HIGH PRIORITY REFRESH,model_flagged_decline_risk,104,21.2,0.0,331,0,0.0,0.0,7545.0,223
content_39dbf0817270,0.9536525030257995,HIGH PRIORITY REFRESH,model_flagged_decline_risk,20,1.3,0.05,1212,0,0.0,0.0,2533.0,98
content_05867bb87732,0.9536280740330243,HIGH PRIORITY REFRESH,model_flagged_decline_risk,104,21.1,0.31,11838,50,0.0,0.0,4934.0,223
content_81e8f3a5bc0f,0.9535720452544656,HIGH PRIORITY REFRESH,model_flagged_decline_risk,1,17.3,0.0,3,0,0.0,0.0,2404.0,91
content_79ac977c6e0b,0.9535255205634018,HIGH PRIORITY REFRESH,model_flagged_decline_risk,8,0.7,0.0,2,0,10.0,0.0,2304.0,104
content_17efbb39174c,0.9534954657101696,HIGH PRIORITY REFRESH,model_flagged_decline_risk,104,16.2,0.35,4093,13,0.0,0.0,6814.0,216
content_25041033a0d9,0.9534927094069371,HIGH PRIORITY REFRESH,model_flagged_decline_risk,104,16.3,0.54,11051,48,0.0,0.0,6846.0,223
content_18834455f241,0.9534806412690799,HIGH PRIORITY REFRESH,model_flagged_decline_risk,104,32.3,0.0,433,0,0.0,0.0,5572.0,148
content_727ff68ce113,0.9534806412690799,HIGH PRIORITY REFRESH,model_flagged_decline_risk,104,21.8,0.0,347,0,0.0,0.0,6805.0,151
content_dd4a93b6de7e,0.9534416938326975,HIGH PRIORITY REFRESH,model_flagged_decline_risk,20,38.0,0.0,2340,0,0.0,0.0,3768.0,111
content_01654960faf9,0.9533380565417746,HIGH PRIORITY REFRESH,model_flagged_decline_risk,104,25.2,0.08,1693,0,0.0,0.0,6827.0,216
content_4f818ca00ccc,0.9533229310793884,HIGH PRIORITY REFRESH,model_flagged_decline_risk,104,21.2,0.08,2685,1,0.0,0.0,5251.0,216
content_a2debfd76118,0.9532536897193633,HIGH PRIORITY REFRESH,model_flagged_decline_risk,104,42.5,0.08,1494,0,0.0,0.0,5611.0,216
content_c48bcab09d10,0.9532245651154755,HIGH PRIORITY REFRESH,model_flagged_decline_risk,104,25.5,0.23,2506,2,0.0,0.0,5256.0,223
content_ddc8d3917101,0.9532245651154755,HIGH PRIORITY REFRESH,model_flagged_decline_risk,104,23.3,0.25,1889,5,0.0,0.0,6478.0,223
content_6a5b8ccbd700,0.9531668108777915,HIGH PRIORITY REFRESH,model_flagged_decline_risk,104,18.3,0.6,45229,352,0.0,0.0,5853.0,153
content_d8f1f24b42c7,0.9531627956901043,HIGH PRIORITY REFRESH,model_flagged_decline_risk,20,2.6,0.0,284,0,10.0,0.31,2715.0,95
content_d68bd67315c8,0.9531037487017973,HIGH PRIORITY REFRESH,model_flagged_decline_risk,104,37.7,0.06,11590,6,0.0,0.0,5504.0,229
content_c14a055e6a26,0.9530931747158982,HIGH PRIORITY REFRESH,model_flagged_decline_risk,8,34.0,0.07,2750,1,0.0,0.0,4148.0,140
content_6d020451e1b0,0.9529828472520989,HIGH PRIORITY REFRESH,model_flagged_decline_risk,104,23.6,0.05,2868,3,0.0,0.0,4767.0,153
content_14ac5317a035,0.9529584126693332,HIGH PRIORITY REFRESH,model_flagged_decline_risk,104,30.7,0.0,409,0,0.0,0.0,6290.0,139
content_1e6b4cfb915c,0.9529563913721412,HIGH PRIORITY REFRESH,model_flagged_decline_risk,20,32.1,0.07,17141,3,0.0,0.0,3916.0,104
content_ab297544311a,0.9529379034799014,HIGH PRIORITY REFRESH,model_flagged_decline_risk,104,37.0,0.07,9428,3,0.0,0.0,5727.0,211
content_72f65ab80b1d,0.9529060678405163,HIGH PRIORITY REFRESH,model_flagged_decline_risk,8,10.4,0.0,94,0,10.0,0.01,2771.0,90
content_300c70929b3f,0.9527455919190266,HIGH PRIORITY REFRESH,model_flagged_decline_risk,8,12.1,0.0,6,0,10.0,0.43,3480.0,90
content_187dc9d91ed0,0.952735194617859,HIGH PRIORITY REFRESH,model_flagged_decline_risk,104,1.4,0.0,19,0,0.0,0.0,0.0,330
content_7205560591f9,0.9527258710166677,HIGH PRIORITY REFRESH,model_flagged_decline_risk,13,17.6,0.0,846,0,0.0,0.0,2644.0,228
content_95701ef51a46,0.9526443243568427,HIGH PRIORITY REFRESH,model_flagged_decline_risk,104,38.7,0.06,10399,2,0.0,0.0,5538.0,211
content_2a17ac96bd86,0.9526193629458467,HIGH PRIORITY REFRESH,model_flagged_decline_risk,8,9.2,0.0,94,0,0.0,0.0,2955.0,90
content_704618d1b448,0.9526187997850352,HIGH PRIORITY REFRESH,model_flagged_decline_risk,104,20.3,0.14,3206,4,0.0,0.0,5416.0,148
content_2b4a520964b1,0.9525958650861047,HIGH PRIORITY REFRESH,model_flagged_decline_risk,104,27.1,0.05,777,0,0.0,0.0,5691.0,223
content_12d8eb874efb,0.9525683616890521,HIGH PRIORITY REFRESH,model_flagged_decline_risk,20,33.2,0.09,4261,3,0.0,0.0,3628.0,104
content_6bf53891613e,0.9525498962840239,HIGH PRIORITY REFRESH,model_flagged_decline_risk,104,41.8,0.17,6801,13,0.0,0.0,6825.0,229
content_777b979f86bc,0.9524649911973648,HIGH PRIORITY REFRESH,model_flagged_decline_risk,8,6.1,0.0,3,0,70.0,0.45,2787.0,98
content_805d59143ed3,0.9523702695786683,HIGH PRIORITY REFRESH,model_flagged_decline_risk,15,43.1,0.04,4344,4,20.0,0.39,2274.0,104
content_47d2fed41749,0.9523473603914651,HIGH PRIORITY REFRESH,model_flagged_decline_risk,20,7.4,0.0,204,0,0.0,0.0,4478.0,203
content_17e60f3ab39c,0.9523013133680307,HIGH PRIORITY REFRESH,model_flagged_decline_risk,104,27.8,0.06,562,1,0.0,0.0,5938.0,151
content_45ad10251169,0.9522555361000461,HIGH PRIORITY REFRESH,model_flagged_decline_risk,104,24.8,0.24,3215,6,0.0,0.0,6143.0,139
content_fe785ee66adb,0.9522512039011447,HIGH PRIORITY REFRESH,model_flagged_decline_risk,104,19.5,0.51,1909,11,0.0,0.0,4985.0,223
content_6dd1a3dcd99e,0.9522512039011447,HIGH PRIORITY REFRESH,model_flagged_decline_risk,104,18.5,0.51,2018,10,0.0,0.0,5124.0,223
content_87c4a4fb3471,0.95223938319043,HIGH PRIORITY REFRESH,model_flagged_decline_risk,104,26.7,0.13,2631,4,0.0,0.0,5927.0,223
content_aa2440f8c4ea,0.9521962667884717,HIGH PRIORITY REFRESH,model_flagged_decline_risk,8,23.4,0.0,1212,0,260.0,0.8,4030.0,140
content_e95b67018ba1,0.9520226698724864,HIGH PRIORITY REFRESH,model_flagged_decline_risk,104,21.3,0.11,563,1,0.0,0.0,6211.0,153
content_258680c5da73,0.9519775166993354,HIGH PRIORITY REFRESH,model_flagged_decline_risk,8,63.8,0.0,3,0,20.0,1.0,2629.0,91
content_946fbf519eb7,0.9519735532426644,HIGH PRIORITY REFRESH,model_flagged_decline_risk,8,9.3,0.0,26,0,10.0,0.57,2615.0,91
content_0033daa7ec2f,0.9518748821859103,HIGH PRIORITY REFRESH,model_flagged_decline_risk,104,41.8,0.05,1242,2,0.0,0.0,5658.0,216
content_9e0abcad7411,0.9518748821859103,HIGH PRIORITY REFRESH,model_flagged_decline_risk,104,36.0,0.03,3095,2,0.0,0.0,5954.0,216
content_aebb82480f9f,0.951869628557908,HIGH PRIORITY REFRESH,model_flagged_decline_risk,8,9.8,0.0,20,0,50.0,0.1,3338.0,98
content_bfefedb0b8a5,0.951869628557908,HIGH PRIORITY REFRESH,model_flagged_decline_risk,8,11.1,0.0,13,0,50.0,0.17,3268.0,98
content_f3544dd354a4,0.9518644296378089,HIGH PRIORITY REFRESH,model_flagged_decline_risk,104,40.3,0.4,11531,38,0.0,0.0,3986.0,124
content_ffec3ebb6db9,0.9517980668841941,HIGH PRIORITY REFRESH,model_flagged_decline_risk,104,19.6,0.15,815,3,0.0,0.0,6786.0,223
content_1c0f8c2f9018,0.9517932794255742,HIGH PRIORITY REFRESH,model_flagged_decline_risk,104,2.1,0.0,430,0,110.0,0.04,0.0,153
content_3ee3863d0542,0.9517471428747488,HIGH PRIORITY REFRESH,model_flagged_decline_risk,104,26.2,0.43,6114,33,0.0,0.0,6173.0,216
content_6e6694b67eb6,0.9517038035728583,HIGH PRIORITY REFRESH,model_flagged_decline_risk,104,1.7,0.0,131,0,50.0,0.14,0.0,257
content_e3129baae407,0.9516090814733296,HIGH PRIORITY REFRESH,model_flagged_decline_risk,104,22.4,0.17,2949,4,0.0,0.0,7193.0,223
content_756eb14c4e60,0.9516090814733296,HIGH PRIORITY REFRESH,model_flagged_decline_risk,104,25.8,0.17,1607,5,0.0,0.0,6050.0,223
content_bab43fc115b8,0.9516090814733296,HIGH PRIORITY REFRESH,model_flagged_decline_risk,104,22.3,0.19,2399,5,0.0,0.0,7056.0,223
content_7caef6b6a306,0.9515369149793879,HIGH PRIORITY REFRESH,model_flagged_decline_risk,20,5.9,0.0,2365,0,0.0,0.0,2884.0,141
content_483f5d0b409c,0.9514434875065079,HIGH PRIORITY REFRESH,model_flagged_decline_risk,14,13.9,0.0,433,0,0.0,0.0,3096.0,228
content_c06a3e3b94c7,0.9514208200408653,HIGH PRIORITY REFRESH,model_flagged_decline_risk,8,6.5,0.0,5,0,0.0,0.0,2737.0,90
content_8f2e090d3e9d,0.9513939001032815,HIGH PRIORITY REFRESH,model_flagged_decline_risk,8,11.9,0.0,68,0,110.0,0.22,3178.0,98
content_933d274de691,0.9513921869820513,HIGH PRIORITY REFRESH,model_flagged_decline_risk,104,29.8,0.16,9349,22,0.0,0.0,4671.0,223
content_92322e1ab662,0.9513151271079752,HIGH PRIORITY REFRESH,model_flagged_decline_risk,20,18.2,1.27,3862,45,0.0,0.0,3938.0,104
content_d015eb800625,0.9513058432495292,HIGH PRIORITY REFRESH,model_flagged_decline_risk,20,8.5,0.0,489,0,0.0,0.0,4187.0,172
content_81379f58625a,0.9513017677426302,HIGH PRIORITY REFRESH,model_flagged_decline_risk,104,18.3,0.56,4893,33,0.0,0.0,6126.0,223
content_97a08f7b106c,0.9512299049365904,HIGH PRIORITY REFRESH,model_flagged_decline_risk,104,1.5,0.0,354,0,0.0,0.0,0.0,330
content_40fb6f005d61,0.9512252764558474,HIGH PRIORITY REFRESH,model_flagged_decline_risk,104,26.0,0.12,66481,93,0.0,0.0,7269.0,229
content_2f0b4adc80b2,0.9511663982610772,HIGH PRIORITY REFRESH,model_flagged_decline_risk,8,23.2,0.19,1122,1,10.0,0.0,5606.0,148
content_9baf12630279,0.9511520940211836,HIGH PRIORITY REFRESH,model_flagged_decline_risk,104,15.4,0.62,8389,56,0.0,0.0,6455.0,144
content_f57df93d1a2a,0.951144411427408,HIGH PRIORITY REFRESH,model_flagged_decline_risk,104,35.0,0.0,1138,0,0.0,0.0,6726.0,148
content_fab09a452add,0.9511215880804155,HIGH PRIORITY REFRESH,model_flagged_decline_risk,104,22.1,0.0,1127,0,0.0,0.0,6079.0,223
content_3bb23afaf34e,0.951121561894798,HIGH PRIORITY REFRESH,model_flagged_decline_risk,20,15.4,0.03,617,0,0.0,0.0,5654.0,144
content_d8952d1662d5,0.9511023338040072,HIGH PRIORITY REFRESH,model_flagged_decline_risk,104,23.4,0.31,4256,15,0.0,0.0,5173.0,211
content_a9ca62a8a9eb,0.9510749693470194,HIGH PRIORITY REFRESH,model_flagged_decline_risk,8,9.2,0.0,57,0,20.0,0.06,3925.0,91
content_7f2ab429d7b6,0.9509903855468906,HIGH PRIORITY REFRESH,model_flagged_decline_risk,8,8.7,0.0,8,0,110.0,0.02,3126.0,98
content_2bb11993c89a,0.9509779358692981,HIGH PRIORITY REFRESH,model_flagged_decline_risk,8,24.0,0.0,548,0,10.0,0.0,4672.0,148
content_1f1eb3e67ac9,0.9509520873331153,HIGH PRIORITY REFRESH,model_flagged_decline_risk,20,6.7,0.0,386,0,0.0,0.0,3210.0,141
content_d971ed6a14fb,0.9509475449878584,HIGH PRIORITY REFRESH,model_flagged_decline_risk,8,7.4,0.0,3,0,70.0,0.35,2588.0,98
content_56c54a03ece2,0.9509405503710392,HIGH PRIORITY REFRESH,model_flagged_decline_risk,104,2.7,0.0,389,0,0.0,0.0,0.0,144
content_5bb2847f5cfb,0.9507811411191154,HIGH PRIORITY REFRESH,model_flagged_decline_risk,104,21.9,0.43,2157,11,0.0,0.0,6710.0,216
content_81318d706af3,0.9507401893475451,HIGH PRIORITY REFRESH,model_flagged_decline_risk,104,17.4,0.07,1473,0,0.0,0.0,5046.0,148
content_ff1f0c71893f,0.9506884823480585,HIGH PRIORITY REFRESH,model_flagged_decline_risk,104,25.6,0.03,2985,1,0.0,0.0,6207.0,216
content_fe9e5d4c8546,0.9506711777912062,HIGH PRIORITY REFRESH,model_flagged_decline_risk,104,19.6,0.0,359,0,0.0,0.0,5911.0,139
content_7d5ad3f9feee,0.9506379607442695,HIGH PRIORITY REFRESH,model_flagged_decline_risk,104,2.7,0.0,351,0,10.0,0.0,0.0,148
content_06982d69786c,0.9506239144526767,HIGH PRIORITY REFRESH,model_flagged_decline_risk,104,17.9,0.17,3651,8,0.0,0.0,6633.0,223
content_e04ed077b51c,0.9506202134542365,HIGH PRIORITY REFRESH,model_flagged_decline_risk,104,21.3,0.22,2319,5,0.0,0.0,6158.0,144
content_31341eab72bd,0.9506202134542365,HIGH PRIORITY REFRESH,model_flagged_decline_risk,104,22.5,0.25,4378,4,0.0,0.0,6251.0,144
content_25c31d8401de,0.9506188154207564,HIGH PRIORITY REFRESH,model_flagged_decline_risk,104,36.0,0.11,12039,14,0.0,0.0,6678.0,229
content_7430d435aa25,0.9506151810335668,HIGH PRIORITY REFRESH,model_flagged_decline_risk,104,20.5,0.12,3915,1,0.0,0.0,6328.0,148
content_7d8636a3a342,0.9506010342800789,HIGH PRIORITY REFRESH,model_flagged_decline_risk,104,16.7,0.0,462,0,0.0,0.0,7294.0,223
content_ff68b5f0171e,0.9505621455276277,HIGH PRIORITY REFRESH,model_flagged_decline_risk,8,9.8,0.0,5,0,0.0,0.0,2531.0,90
content_3a3e736a6252,0.9505350514390101,HIGH PRIORITY REFRESH,model_flagged_decline_risk,8,9.4,0.0,41,0,0.0,0.0,2679.0,90
content_bc595df5ea71,0.9504665840307948,HIGH PRIORITY REFRESH,model_flagged_decline_risk,8,35.8,0.0,1467,0,0.0,0.0,4392.0,140
content_eac5bf5d6a11,0.9504530929317653,HIGH PRIORITY REFRESH,model_flagged_decline_risk,104,28.9,0.17,5704,12,0.0,0.0,5012.0,223
content_0868e82484db,0.9504422672669991,HIGH PRIORITY REFRESH,model_flagged_decline_risk,106,4.1,0.0,321,0,0.0,0.0,2621.0,106
content_3af4a161a262,0.9504375860771677,HIGH PRIORITY REFRESH,model_flagged_decline_risk,104,27.8,0.12,6444,9,0.0,0.0,6925.0,211
content_7805a6d60fb7,0.9504068276599547,HIGH PRIORITY REFRESH,model_flagged_decline_risk,104,25.0,0.41,1510,6,0.0,0.0,5515.0,153
content_da8bd76fe1f8,0.9504068276599547,HIGH PRIORITY REFRESH,model_flagged_decline_risk,104,23.2,0.49,5056,2,0.0,0.0,5462.0,148
content_eea26a0c18ac,0.9504000458986446,HIGH PRIORITY REFRESH,model_flagged_decline_risk,104,23.7,0.36,6101,19,0.0,0.0,3895.0,125
content_4ddeecdba2f1,0.9503419032824683,HIGH PRIORITY REFRESH,model_flagged_decline_risk,104,16.7,0.08,713,1,0.0,0.0,6300.0,148
content_6641b9dd839b,0.9503273151125301,HIGH PRIORITY REFRESH,model_flagged_decline_risk,104,23.2,0.53,1661,9,0.0,0.0,5793.0,223
content_023cebb114ed,0.9502929574061977,HIGH PRIORITY REFRESH,model_flagged_decline_risk,1,20.6,0.0,17,0,0.0,0.0,3019.0,91
content_013a5d3dfc26,0.9502662227118797,HIGH PRIORITY REFRESH,model_flagged_decline_risk,104,25.7,0.01,21793,2,0.0,0.0,4540.0,148
content_ed3cebd8dc66,0.9502490720722438,HIGH PRIORITY REFRESH,model_flagged_decline_risk,8,8.9,0.0,10,0,170.0,1.0,5020.0,131
content_cea15cd277ea,0.9502266527670588,HIGH PRIORITY REFRESH,model_flagged_decline_risk,8,7.5,0.0,6,0,90.0,0.0,2897.0,98
content_4aac9f633ec7,0.9502245949965237,HIGH PRIORITY REFRESH,model_flagged_decline_risk,20,2.5,0.0,223,0,0.0,0.0,3730.0,118
content_7852e54e8f47,0.9501089260265724,HIGH PRIORITY REFRESH,model_flagged_decline_risk,104,23.1,0.12,1202,1,0.0,0.0,5077.0,151
content_7def8fc1c1c9,0.9501089260265724,HIGH PRIORITY REFRESH,model_flagged_decline_risk,104,22.4,0.12,1403,1,0.0,0.0,4949.0,148
content_e5f94c86d3a9,0.9500358620269078,HIGH PRIORITY REFRESH,model_flagged_decline_risk,8,5.8,0.0,3,0,20.0,0.21,3090.0,98
content_b43a872c5138,0.9500350407010013,HIGH PRIORITY REFRESH,model_flagged_decline_risk,104,21.0,0.34,4345,12,0.0,0.0,6692.0,216
content_bdbb8cee6d9f,0.9500301350869194,HIGH PRIORITY REFRESH,model_flagged_decline_risk,104,2.6,0.08,612,0,0.0,0.0,6107.0,287
content_cc33d8db197f,0.9500151821178832,HIGH PRIORITY REFRESH,model_flagged_decline_risk,20,25.1,0.13,10672,6,0.0,0.0,3925.0,90
content_a69aa1264065,0.9499700060438073,HIGH PRIORITY REFRESH,model_flagged_decline_risk,104,37.3,0.09,11641,13,0.0,0.0,6785.0,229
content_594ba0cae917,0.9499568841306099,HIGH PRIORITY REFRESH,model_flagged_decline_risk,104,35.5,0.12,1338,1,0.0,0.0,7238.0,139
content_68af684c0b56,0.9499295095784395,HIGH PRIORITY REFRESH,model_flagged_decline_risk,104,33.1,0.25,10411,24,0.0,0.0,6248.0,229
content_b8bf4f455067,0.9499194187449711,HIGH PRIORITY REFRESH,model_flagged_decline_risk,104,16.3,1.13,1645,28,0.0,0.0,5308.0,223
content_74d6c26c6f89,0.9499101927237888,HIGH PRIORITY REFRESH,model_flagged_decline_risk,104,34.7,0.19,4534,13,0.0,0.0,5033.0,216
content_81a5bf533779,0.9498910797667002,HIGH PRIORITY REFRESH,model_flagged_decline_risk,104,22.7,0.09,1409,0,0.0,0.0,5493.0,216
content_47f14fc1ca93,0.9498689975686968,HIGH PRIORITY REFRESH,model_flagged_decline_risk,104,17.2,0.15,29853,36,0.0,0.0,5673.0,211
content_d44e0056bb95,0.9498191075441675,HIGH PRIORITY REFRESH,model_flagged_decline_risk,104,14.8,0.49,1852,13,0.0,0.0,6629.0,223
content_04c10b7d4b2b,0.9498137854290855,HIGH PRIORITY REFRESH,model_flagged_decline_risk,104,2.5,0.0,209,0,0.0,0.0,0.0,330
content_8fde9bdee858,0.9497818755281241,HIGH PRIORITY REFRESH,model_flagged_decline_risk,104,25.3,0.31,3644,6,0.0,0.0,6320.0,139
content_28a1ad303080,0.9497666867603007,HIGH PRIORITY REFRESH,model_flagged_decline_risk,104,22.4,0.3,1397,3,0.0,0.0,5174.0,223
content_38466dc2d75e,0.9496944010116408,HIGH PRIORITY REFRESH,model_flagged_decline_risk,104,21.8,0.09,11963,10,0.0,0.0,6454.0,211
content_944b59b45a71,0.949659955674723,HIGH PRIORITY REFRESH,model_flagged_decline_risk,104,33.4,0.09,2808,0,0.0,0.0,4853.0,223
content_7cc2b2d23607,0.9496159804588404,HIGH PRIORITY REFRESH,model_flagged_decline_risk,104,19.6,0.26,2121,8,0.0,0.0,6270.0,144
content_cbcbb97ac631,0.9494840361416996,HIGH PRIORITY REFRESH,model_flagged_decline_risk,104,17.7,0.0,409,0,0.0,0.0,5479.0,139
content_82f523ddc57e,0.9494819003955802,HIGH PRIORITY REFRESH,model_flagged_decline_risk,20,32.9,0.0,2824,0,0.0,0.0,3752.0,111
content_c02b2a60a85c,0.9494655692107913,HIGH PRIORITY REFRESH,model_flagged_decline_risk,104,37.3,0.12,1255,2,0.0,0.0,6556.0,223
content_0a1a7fb81747,0.9494574242735621,HIGH PRIORITY REFRESH,model_flagged_decline_risk,8,4.8,0.0,6,0,20.0,0.16,2779.0,98
content_1d5d8705a2bc,0.949430982528605,HIGH PRIORITY REFRESH,model_flagged_decline_risk,104,30.0,0.36,3925,11,0.0,0.0,5033.0,223
content_912bd3805fc3,0.9494246267346648,HIGH PRIORITY REFRESH,model_flagged_decline_risk,104,22.5,0.13,938,1,0.0,0.0,6726.0,144
content_9770c253d66f,0.9493646070934935,HIGH PRIORITY REFRESH,model_flagged_decline_risk,8,5.3,0.0,5,0,20.0,0.2,2726.0,98
content_65dd444c604d,0.9493611948226968,HIGH PRIORITY REFRESH,model_flagged_decline_risk,8,5.4,0.0,53,0,0.0,0.0,2862.0,90
content_73138e49f25d,0.9493200316308031,HIGH PRIORITY REFRESH,model_flagged_decline_risk,20,2.1,0.03,2125,0,10.0,0.0,2786.0,95
content_b28d1efd668f,0.9492918623924139,HIGH PRIORITY REFRESH,model_flagged_decline_risk,104,26.2,0.06,110679,61,0.0,0.0,6901.0,153
content_a259ba53812e,0.9492751214734343,HIGH PRIORITY REFRESH,model_flagged_decline_risk,104,7.5,0.0,735,0,0.0,0.0,5870.0,151
content_53854b72b1cf,0.9492751214734343,HIGH PRIORITY REFRESH,model_flagged_decline_risk,104,7.9,0.0,617,0,0.0,0.0,5141.0,151
content_94e22f76b445,0.9492658499831497,HIGH PRIORITY REFRESH,model_flagged_decline_risk,104,35.5,0.0,689,0,0.0,0.0,5553.0,151
content_da96396814db,0.9492597332430986,HIGH PRIORITY REFRESH,model_flagged_decline_risk,104,17.6,0.19,3005,2,0.0,0.0,7393.0,223
content_f1e0530622fd,0.9492471738386602,HIGH PRIORITY REFRESH,model_flagged_decline_risk,104,25.3,0.42,4456,17,0.0,0.0,4813.0,223
content_4d43ab53fa3f,0.9492456503261341,HIGH PRIORITY REFRESH,model_flagged_decline_risk,104,27.8,0.05,2165,0,0.0,0.0,5693.0,216
content_2561fb8fdb3f,0.9492171163209587,HIGH PRIORITY REFRESH,model_flagged_decline_risk,104,30.7,0.24,6430,17,0.0,0.0,3691.0,125
content_833697cdd9e3,0.9492082559043664,HIGH PRIORITY REFRESH,model_flagged_decline_risk,104,3.6,0.0,214,0,0.0,0.0,5552.0,312
content_bf2503cea410,0.9491463385313199,HIGH PRIORITY REFRESH,model_flagged_decline_risk,8,6.0,0.0,2,0,0.0,0.0,3874.0,99
content_a8cd736c9c7b,0.9491201837998727,HIGH PRIORITY REFRESH,model_flagged_decline_risk,20,23.2,0.03,659,0,0.0,0.0,4448.0,144
content_725556b5ef54,0.9490636499134638,HIGH PRIORITY REFRESH,model_flagged_decline_risk,104,27.8,0.07,439,0,0.0,0.0,5306.0,148
content_42634cb0c5a3,0.9490322522005502,HIGH PRIORITY REFRESH,model_flagged_decline_risk,104,18.8,0.02,14227,3,0.0,0.0,5967.0,229
content_4a7582bfb40c,0.9489663732443075,HIGH PRIORITY REFRESH,model_flagged_decline_risk,20,16.8,0.26,1765,3,0.0,0.0,4589.0,144
content_80deebdf15f3,0.9489128391711131,HIGH PRIORITY REFRESH,model_flagged_decline_risk,104,21.2,0.19,1514,2,0.0,0.0,4891.0,139
content_99b96fc838bb,0.948898211390021,HIGH PRIORITY REFRESH,model_flagged_decline_risk,104,3.3,0.0,148,0,0.0,0.0,5525.0,312
content_448b237a29da,0.9488782967412267,HIGH PRIORITY REFRESH,model_flagged_decline_risk,104,32.0,0.14,4006,7,0.0,0.0,6026.0,148
content_fe4b3bf89a95,0.9488201626370556,HIGH PRIORITY REFRESH,model_flagged_decline_risk,20,34.5,0.01,9455,2,0.0,0.0,3618.0,98
content_ac63f3629ff2,0.9487879951526615,HIGH PRIORITY REFRESH,model_flagged_decline_risk,104,16.6,0.33,2509,6,0.0,0.0,5161.0,223
content_48b397f0587e,0.9486967629291451,HIGH PRIORITY REFRESH,model_flagged_decline_risk,104,2.3,0.0,30,0,10.0,0.0,0.0,329
content_96306a965a56,0.948639022367449,HIGH PRIORITY REFRESH,model_flagged_decline_risk,19,0.6,0.09,374,1,90.0,0.75,2544.0,165
content_92dacb2bebde,0.9486287423325761,HIGH PRIORITY REFRESH,model_flagged_decline_risk,104,16.8,0.19,971,3,0.0,0.0,6153.0,223
content_8b5bd797e7d0,0.9486188042459169,HIGH PRIORITY REFRESH,model_flagged_decline_risk,48,15.2,0.27,10111,30,0.0,0.0,4967.0,153
content_2157ece877be,0.9485950031713327,HIGH PRIORITY REFRESH,model_flagged_decline_risk,104,14.9,0.09,1740,1,0.0,0.0,6644.0,148
content_dd26028cc67a,0.9485860084180905,HIGH PRIORITY REFRESH,model_flagged_decline_risk,20,1.8,0.17,233,0,0.0,0.0,3207.0,111
content_5a6962980c18,0.9485474056028248,HIGH PRIORITY REFRESH,model_flagged_decline_risk,104,24.7,0.12,2877,2,0.0,0.0,6244.0,216
content_fa36b7ba8a7f,0.9485474056028248,HIGH PRIORITY REFRESH,model_flagged_decline_risk,104,23.2,0.12,1621,3,0.0,0.0,5531.0,216
content_f7abac02c1f6,0.9485117631289754,HIGH PRIORITY REFRESH,model_flagged_decline_risk,104,15.4,0.68,4508,35,0.0,0.0,6845.0,144
content_12094d7797b4,0.9484492031958978,HIGH PRIORITY REFRESH,model_flagged_decline_risk,8,10.6,0.0,10,0,20.0,0.56,3234.0,98
content_d0987deff198,0.9484064848328174,HIGH PRIORITY REFRESH,model_flagged_decline_risk,104,28.3,0.0,1285,0,0.0,0.0,6184.0,144
content_6c7f71ab52fe,0.9483933088413766,HIGH PRIORITY REFRESH,model_flagged_decline_risk,104,4.6,0.0,427,0,10.0,0.49,4906.0,299
content_448ca4ed2f9a,0.9483705581201808,HIGH PRIORITY REFRESH,model_flagged_decline_risk,104,3.6,0.0,393,0,0.0,0.0,4643.0,286
content_8dc32c96aa17,0.9483644454438432,HIGH PRIORITY REFRESH,model_flagged_decline_risk,20,22.6,0.12,3351,5,0.0,0.0,5156.0,104
content_40d76ed3a805,0.9483551677092502,HIGH PRIORITY REFRESH,model_flagged_decline_risk,104,38.9,0.04,2935,2,0.0,0.0,3912.0,125
content_fae41c37d51d,0.9483278127600961,HIGH PRIORITY REFRESH,model_flagged_decline_risk,104,16.9,0.41,1022,9,0.0,0.0,5726.0,144
content_831ff9fa78c1,0.9482579404400554,HIGH PRIORITY REFRESH,model_flagged_decline_risk,8,8.5,0.0,15,0,70.0,0.25,2270.0,98
content_0cf67ec37ab8,0.9482252530367775,HIGH PRIORITY REFRESH,model_flagged_decline_risk,8,3.0,0.0,312,0,0.0,0.0,3193.0,140
content_0addf6b1146f,0.948215409877628,HIGH PRIORITY REFRESH,model_flagged_decline_risk,20,33.9,0.03,1209,1,0.0,0.0,3666.0,111
content_971e2a5035bc,0.9481654859590611,HIGH PRIORITY REFRESH,model_flagged_decline_risk,104,3.5,0.01,1361,0,0.0,0.0,5832.0,287
content_41e7a917a374,0.9481276601513549,HIGH PRIORITY REFRESH,model_flagged_decline_risk,8,8.7,0.0,6,0,50.0,0.18,2977.0,98
content_88428f7165e1,0.9481209345311399,HIGH PRIORITY REFRESH,model_flagged_decline_risk,104,2.4,0.0,343,0,0.0,0.0,0.0,144
content_120ba57ad3de,0.9480573036461597,HIGH PRIORITY REFRESH,model_flagged_decline_risk,104,35.9,0.07,1385,2,0.0,0.0,5833.0,216
content_eb366e871254,0.9480490688713165,HIGH PRIORITY REFRESH,model_flagged_decline_risk,104,16.6,0.2,58717,108,0.0,0.0,5527.0,211
content_281667a4daff,0.9480037205921238,HIGH PRIORITY REFRESH,model_flagged_decline_risk,104,40.0,0.16,2612,4,0.0,0.0,5837.0,223
content_51091d40811e,0.9479918271109075,HIGH PRIORITY REFRESH,model_flagged_decline_risk,8,8.9,0.0,4,0,20.0,0.61,2797.0,98
content_9a435016cf37,0.9479684385508202,HIGH PRIORITY REFRESH,model_flagged_decline_risk,104,37.5,0.1,851,0,0.0,0.0,6804.0,223
content_cabbc09b17ac,0.9478304102138899,HIGH PRIORITY REFRESH,model_flagged_decline_risk,104,24.9,0.0,1272,0,0.0,0.0,6487.0,139
content_4c2aae7232ac,0.9478272018701881,HIGH PRIORITY REFRESH,model_flagged_decline_risk,104,3.0,0.0,78,0,20.0,0.13,0.0,148
content_c66523d94c76,0.94778699552183,HIGH PRIORITY REFRESH,model_flagged_decline_risk,104,15.7,0.06,1727,0,0.0,0.0,6386.0,148
content_762d0c61f292,0.9477753339199404,HIGH PRIORITY REFRESH,model_flagged_decline_risk,8,7.9,0.0,10,0,40.0,0.07,3001.0,98
content_00c444e468ab,0.947759148308346,HIGH PRIORITY REFRESH,model_flagged_decline_risk,104,19.6,0.07,855,1,0.0,0.0,6299.0,216
content_c518bbcad3d8,0.9477398793443758,HIGH PRIORITY REFRESH,model_flagged_decline_risk,8,9.5,0.0,7,0,0.0,0.0,2800.0,90
content_5e898a63bff9,0.9476676772550457,HIGH PRIORITY REFRESH,model_flagged_decline_risk,104,39.9,0.09,6618,3,0.0,0.0,5273.0,229
content_6101db1e202c,0.9476495386259854,HIGH PRIORITY REFRESH,model_flagged_decline_risk,20,27.2,0.45,12442,41,0.0,0.0,2916.0,90
content_822b92eab466,0.9476275405780541,HIGH PRIORITY REFRESH,model_flagged_decline_risk,8,26.8,0.08,4318,0,0.0,0.0,3687.0,104
content_7736378a440f,0.9476263172637766,HIGH PRIORITY REFRESH,model_flagged_decline_risk,8,7.3,0.0,9,0,0.0,0.0,2886.0,90
content_ee6c6b09c17d,0.9476131994517275,HIGH PRIORITY REFRESH,model_flagged_decline_risk,20,2.8,0.0,195,0,0.0,0.0,1481.0,104
content_d9e4b523c0ce,0.9476131994517275,HIGH PRIORITY REFRESH,model_flagged_decline_risk,20,2.9,0.0,216,0,0.0,0.0,1294.0,104
content_50dfd64f9e8e,0.947575344518767,HIGH PRIORITY REFRESH,model_flagged_decline_risk,104,2.4,0.0,1530,0,0.0,0.0,0.0,330
content_a84bb3900115,0.9475391930188104,HIGH PRIORITY REFRESH,model_flagged_decline_risk,104,3.3,0.06,5062,0,0.0,0.0,7078.0,286
content_579447dfc134,0.9474186039992598,HIGH PRIORITY REFRESH,model_flagged_decline_risk,8,9.0,0.0,95,0,40.0,0.49,2781.0,98
content_6021c5056fa0,0.9474186039992598,HIGH PRIORITY REFRESH,model_flagged_decline_risk,8,9.3,0.0,56,0,40.0,0.32,2936.0,98
content_8ae8d9c80659,0.9474186039992598,HIGH PRIORITY REFRESH,model_flagged_decline_risk,8,8.3,0.0,48,0,50.0,0.28,2948.0,98
content_b5964a1a276f,0.9473837852910688,HIGH PRIORITY REFRESH,model_flagged_decline_risk,104,2.0,0.0,416,0,1000.0,0.02,0.0,153
content_6e0da6acaf48,0.9473690105525345,HIGH PRIORITY REFRESH,model_flagged_decline_risk,104,23.1,0.43,3833,15,0.0,0.0,3902.0,125
content_bad2a4bb03ce,0.9473581189644856,HIGH PRIORITY REFRESH,model_flagged_decline_risk,104,29.6,0.12,787,1,0.0,0.0,5924.0,223
content_785bda34d3a0,0.9473563874209744,HIGH PRIORITY REFRESH,model_flagged_decline_risk,104,16.1,0.07,972,1,0.0,0.0,6989.0,151
content_bd8478ad0ece,0.9473521201096733,HIGH PRIORITY REFRESH,model_flagged_decline_risk,20,14.6,1.36,3224,39,0.0,0.0,3957.0,144
content_31b7b735d972,0.9473226122866375,HIGH PRIORITY REFRESH,model_flagged_decline_risk,104,21.7,0.17,3197,0,0.0,0.0,5555.0,153
content_c34317772aab,0.9472653337232284,HIGH PRIORITY REFRESH,model_flagged_decline_risk,20,33.1,0.04,10817,1,0.0,0.0,3581.0,118
content_9a31f5cb864a,0.9472620792737371,HIGH PRIORITY REFRESH,model_flagged_decline_risk,104,2.3,0.0,40,0,480.0,0.0,0.0,236
content_63a3e0cc9f62,0.9472272270383176,HIGH PRIORITY REFRESH,model_flagged_decline_risk,104,16.7,1.18,4017,43,0.0,0.0,5496.0,148
content_10cf96423c48,0.9470607477916126,HIGH PRIORITY REFRESH,model_flagged_decline_risk,8,6.9,0.0,7,0,90.0,0.38,2983.0,98
content_a638a00cdb70,0.9470332739706523,HIGH PRIORITY REFRESH,model_flagged_decline_risk,8,77.0,0.0,2,0,0.0,0.0,2884.0,90
content_200fd075b230,0.9470276957718923,HIGH PRIORITY REFRESH,model_flagged_decline_risk,104,26.6,0.18,3370,3,0.0,0.0,5652.0,139
content_124a5f3a35e4,0.947002561632871,HIGH PRIORITY REFRESH,model_flagged_decline_risk,8,26.8,0.0,8,0,70.0,0.18,2899.0,98
content_8a9b5d95b865,0.9469726252808776,HIGH PRIORITY REFRESH,model_flagged_decline_risk,8,7.6,0.0,12,0,30.0,0.02,3048.0,98
content_e3850e73f80d,0.9469342161329649,HIGH PRIORITY REFRESH,model_flagged_decline_risk,104,17.6,0.15,778,1,0.0,0.0,5386.0,223
content_41dac3949f31,0.9468743416808741,HIGH PRIORITY REFRESH,model_flagged_decline_risk,8,4.5,0.0,13,0,10.0,0.0,3185.0,96
content_9afc865ae5cb,0.9467464511541636,HIGH PRIORITY REFRESH,model_flagged_decline_risk,104,33.9,0.15,1425,1,0.0,0.0,6236.0,223
content_86c98b7fffc0,0.9466796489229379,HIGH PRIORITY REFRESH,model_flagged_decline_risk,104,31.1,0.03,4246,3,0.0,0.0,4598.0,151
content_ee0422b8db70,0.9466532058765784,HIGH PRIORITY REFRESH,model_flagged_decline_risk,8,11.5,0.0,102,0,40.0,0.17,2959.0,98
content_1d91e2b33a7f,0.9465609965583728,HIGH PRIORITY REFRESH,model_flagged_decline_risk,1,30.3,0.0,2,0,0.0,0.0,2796.0,91
content_601d2edb7fa1,0.9465150827720106,HIGH PRIORITY REFRESH,model_flagged_decline_risk,1,17.2,0.0,2,0,0.0,0.0,2869.0,91
content_dcb529347579,0.9464735657766498,HIGH PRIORITY REFRESH,model_flagged_decline_risk,104,1.9,0.07,1629,2,30.0,0.17,0.0,257
content_ad236c4f978e,0.9464622963198539,HIGH PRIORITY REFRESH,model_flagged_decline_risk,104,2.1,0.0,108,0,0.0,0.0,0.0,330
content_59ce991ea0fe,0.9464470306960038,HIGH PRIORITY REFRESH,model_flagged_decline_risk,104,18.4,0.16,1633,3,0.0,0.0,6293.0,148
content_621c9aa67a06,0.9464470306960038,HIGH PRIORITY REFRESH,model_flagged_decline_risk,104,18.5,0.18,1480,3,0.0,0.0,5941.0,144
content_7ba9813c1beb,0.9463847553540767,HIGH PRIORITY REFRESH,model_flagged_decline_risk,8,4.5,0.0,2,0,90.0,0.26,2985.0,98
content_ac9760003d70,0.9463514437178444,HIGH PRIORITY REFRESH,model_flagged_decline_risk,104,15.7,0.17,13616,16,0.0,0.0,4725.0,211
content_d6e1bbb4a996,0.946308060385106,HIGH PRIORITY REFRESH,model_flagged_decline_risk,20,3.9,0.0,2755,0,0.0,0.0,2736.0,103
content_20e8f669cea1,0.9462302695624034,HIGH PRIORITY REFRESH,model_flagged_decline_risk,104,17.2,1.07,1696,21,0.0,0.0,5339.0,144
content_5583387be650,0.9462291888753558,HIGH PRIORITY REFRESH,model_flagged_decline_risk,104,35.5,0.04,982,0,0.0,0.0,6543.0,216
content_6e63c41683f9,0.9461120581036017,HIGH PRIORITY REFRESH,model_flagged_decline_risk,104,31.5,0.0,619,0,0.0,0.0,7406.0,216
content_f630037749d0,0.9460543211201453,HIGH PRIORITY REFRESH,model_flagged_decline_risk,20,2.3,0.0,61,0,0.0,0.0,3456.0,118
content_45554e9a525b,0.945996203898188,HIGH PRIORITY REFRESH,model_flagged_decline_risk,8,11.6,0.0,12,0,40.0,0.86,3074.0,98
content_d9f4afa74caf,0.94594865743915,HIGH PRIORITY REFRESH,model_flagged_decline_risk,104,23.7,0.06,2300,1,0.0,0.0,4673.0,148
content_ee1c78e1890d,0.9459472768900667,HIGH PRIORITY REFRESH,model_flagged_decline_risk,20,7.5,0.0,115,0,0.0,0.0,4238.0,225
content_75798cef6977,0.9458596880694167,HIGH PRIORITY REFRESH,model_flagged_decline_risk,104,25.9,0.14,869,0,0.0,0.0,6027.0,139
content_e4a481bafa74,0.9458313270786631,HIGH PRIORITY REFRESH,model_flagged_decline_risk,104,2.2,0.0,314,0,0.0,0.0,0.0,144
content_7b64616292c6,0.9458132993999482,HIGH PRIORITY REFRESH,model_flagged_decline_risk,104,19.4,0.03,956,0,0.0,0.0,6059.0,216
content_0a90dfb2229d,0.9457114166615523,HIGH PRIORITY REFRESH,model_flagged_decline_risk,8,12.1,0.0,13,0,0.0,0.0,4034.0,148
content_2107a16ad28d,0.9456687127092777,HIGH PRIORITY REFRESH,model_flagged_decline_risk,8,4.8,0.0,6,0,10.0,0.0,3167.0,96
content_1dff5ee30a0c,0.9456556278951481,HIGH PRIORITY REFRESH,model_flagged_decline_risk,104,24.2,0.15,2428,6,0.0,0.0,6571.0,216
content_819fd8821255,0.945582770782755,HIGH PRIORITY REFRESH,model_flagged_decline_risk,8,18.0,0.0,312,0,10.0,0.86,4640.0,140
content_7dcf31a83b62,0.945513488455043,HIGH PRIORITY REFRESH,model_flagged_decline_risk,104,17.0,0.5,2843,14,0.0,0.0,5885.0,216
content_0be305aa3ae0,0.9454443792099438,HIGH PRIORITY REFRESH,model_flagged_decline_risk,104,23.0,0.39,4223,21,0.0,0.0,6441.0,211
content_5cf2cc862509,0.9454438164588825,HIGH PRIORITY REFRESH,model_flagged_decline_risk,104,33.5,0.5,4880,21,0.0,0.0,3845.0,125
content_37f744bc7120,0.9452405675416266,HIGH PRIORITY REFRESH,model_flagged_decline_risk,104,33.6,0.0,422,0,0.0,0.0,5956.0,139
content_8322f4b073fb,0.9452236115374698,HIGH PRIORITY REFRESH,model_flagged_decline_risk,104,30.3,0.18,4232,6,0.0,0.0,5594.0,151
content_5f6eb48cf474,0.9451676874402059,HIGH PRIORITY REFRESH,model_flagged_decline_risk,104,19.1,0.2,1044,3,0.0,0.0,4932.0,153
content_b2815591ed29,0.9451617885454188,HIGH PRIORITY REFRESH,model_flagged_decline_risk,104,23.4,0.19,786,2,0.0,0.0,5857.0,153
content_df1ea55eabf9,0.9451606685091932,HIGH PRIORITY REFRESH,model_flagged_decline_risk,8,43.8,0.04,6835,2,0.0,0.0,2710.0,104
content_5996be77a50e,0.9451042354660715,HIGH PRIORITY REFRESH,model_flagged_decline_risk,8,2.2,0.0,28,0,10.0,0.05,2723.0,106
content_8f15424ec978,0.9450918881025139,HIGH PRIORITY REFRESH,model_flagged_decline_risk,8,37.6,0.0,4,0,40.0,0.29,2313.0,91
content_69884e990157,0.9450816624408709,HIGH PRIORITY REFRESH,model_flagged_decline_risk,104,31.4,0.08,473,0,0.0,0.0,5666.0,183
content_1caa959588a1,0.9450597367030908,HIGH PRIORITY REFRESH,model_flagged_decline_risk,104,30.3,0.1,17194,14,0.0,0.0,7020.0,211
content_edb0616f14d8,0.9450529954897895,HIGH PRIORITY REFRESH,model_flagged_decline_risk,8,33.0,0.11,2738,5,0.0,0.0,3629.0,148
content_de155423eb63,0.9449147166018995,HIGH PRIORITY REFRESH,model_flagged_decline_risk,104,29.1,0.02,2094,0,0.0,0.0,4900.0,223
content_3de6ff7e4a8d,0.9448812457170164,HIGH PRIORITY REFRESH,model_flagged_decline_risk,20,7.0,0.0,110,0,0.0,0.0,4253.0,182
content_763a8c27d0fd,0.9448543030108593,HIGH PRIORITY REFRESH,model_flagged_decline_risk,104,40.4,0.05,8769,1,0.0,0.0,5872.0,229
content_f43d175de7d4,0.9448376440721279,HIGH PRIORITY REFRESH,model_flagged_decline_risk,104,28.0,0.04,13721,5,0.0,0.0,5664.0,211
content_f552433bab3c,0.9447415988708197,HIGH PRIORITY REFRESH,model_flagged_decline_risk,104,1.8,0.0,271,0,0.0,0.0,1382.0,124
content_06531199cd40,0.9446079436257568,HIGH PRIORITY REFRESH,model_flagged_decline_risk,8,8.0,0.0,409,0,0.0,0.0,2200.0,148
content_1d2233dc3323,0.9445925866587708,HIGH PRIORITY REFRESH,model_flagged_decline_risk,8,1.5,0.0,60,0,20.0,0.09,2889.0,106
content_5d44d9c583b4,0.9445205148587946,HIGH PRIORITY REFRESH,model_flagged_decline_risk,8,23.6,0.0,499,0,0.0,0.0,3731.0,140
content_efb970557302,0.944490314129629,HIGH PRIORITY REFRESH,model_flagged_decline_risk,8,18.2,0.0,5,0,70.0,0.2,2805.0,98
content_8ba922f82ace,0.9444631392974628,HIGH PRIORITY REFRESH,model_flagged_decline_risk,13,14.5,0.0,727,0,0.0,0.0,2754.0,228
content_a9042621285b,0.9444593197947924,HIGH PRIORITY REFRESH,model_flagged_decline_risk,104,17.1,0.1,388,1,0.0,0.0,5115.0,148
content_77db22877e12,0.9443952217903653,HIGH PRIORITY REFRESH,model_flagged_decline_risk,104,22.4,0.07,3691,2,0.0,0.0,6211.0,211
content_05d21fdc1fff,0.9443682671660827,HIGH PRIORITY REFRESH,model_flagged_decline_risk,8,7.4,0.0,8,0,10.0,0.0,3208.0,96
content_62941b746237,0.9443264451075133,HIGH PRIORITY REFRESH,model_flagged_decline_risk,8,7.7,0.0,28,0,40.0,0.64,2925.0,98
content_c42063d73de6,0.9442228278085453,HIGH PRIORITY REFRESH,model_flagged_decline_risk,104,16.3,0.32,13280,49,0.0,0.0,6329.0,216
content_e577de20808e,0.9442143306611693,HIGH PRIORITY REFRESH,model_flagged_decline_risk,20,28.8,0.05,3350,0,0.0,0.0,3736.0,98
content_b0b443f830cd,0.9441497955477184,HIGH PRIORITY REFRESH,model_flagged_decline_risk,104,2.9,0.0,165,0,0.0,0.0,0.0,330
content_01c85c6f8b6d,0.944060483008626,HIGH PRIORITY REFRESH,model_flagged_decline_risk,104,25.4,0.0,363,0,0.0,0.0,5390.0,216
content_4a46ee170015,0.9440442956600326,HIGH PRIORITY REFRESH,model_flagged_decline_risk,104,16.0,0.72,3234,23,0.0,0.0,5153.0,153
content_436a543fd320,0.9440181763163,HIGH PRIORITY REFRESH,model_flagged_decline_risk,104,24.0,0.15,981,0,0.0,0.0,5244.0,144
content_54dadf439c20,0.9439752679047191,HIGH PRIORITY REFRESH,model_flagged_decline_risk,104,15.9,0.1,509,1,0.0,0.0,6701.0,139
content_21eb4523cfe6,0.9439306496649132,HIGH PRIORITY REFRESH,model_flagged_decline_risk,104,23.2,0.2,11024,20,0.0,0.0,5898.0,229
content_45d9fafd55d9,0.9439273868680492,HIGH PRIORITY REFRESH,model_flagged_decline_risk,1,32.1,0.0,10,0,0.0,0.0,2765.0,91
content_708a4c3cb9b1,0.9439157820831974,HIGH PRIORITY REFRESH,model_flagged_decline_risk,8,13.5,0.0,3,0,0.0,0.0,3718.0,96
content_7d0fea38dc4a,0.9437824545662745,HIGH PRIORITY REFRESH,model_flagged_decline_risk,104,28.3,0.23,2231,1,0.0,0.0,5396.0,153
content_deadc8ade557,0.9437824545662745,HIGH PRIORITY REFRESH,model_flagged_decline_risk,104,21.3,0.26,2160,1,0.0,0.0,5441.0,151
content_31e982815b32,0.9436891181694794,HIGH PRIORITY REFRESH,model_flagged_decline_risk,8,6.8,0.0,7,0,0.0,0.0,3703.0,99
content_b156fee75fb4,0.9436751595418458,HIGH PRIORITY REFRESH,model_flagged_decline_risk,20,38.1,0.05,3169,1,0.0,0.0,3611.0,111
content_1023abe9e4dd,0.9436707649047048,HIGH PRIORITY REFRESH,model_flagged_decline_risk,8,4.6,0.0,34,0,0.0,0.0,3659.0,95
content_e76699b98ac6,0.9436695806377096,HIGH PRIORITY REFRESH,model_flagged_decline_risk,104,2.2,0.0,138,0,0.0,0.0,0.0,144
content_bf7e47e20643,0.9436612684437756,HIGH PRIORITY REFRESH,model_flagged_decline_risk,104,15.9,0.87,6938,84,0.0,0.0,5537.0,216
content_d6370f8e5dd8,0.9436394639487201,HIGH PRIORITY REFRESH,model_flagged_decline_risk,104,33.1,0.0,415,0,0.0,0.0,7369.0,223
content_95546d276e3b,0.9435681886047922,HIGH PRIORITY REFRESH,model_flagged_decline_risk,20,24.8,0.07,2003,0,10.0,0.57,5554.0,148
content_12018e6ac413,0.9435231992056655,HIGH PRIORITY REFRESH,model_flagged_decline_risk,8,8.3,0.0,113,0,30.0,0.48,3124.0,98
content_12bbe30ef9e0,0.9435231650799667,HIGH PRIORITY REFRESH,model_flagged_decline_risk,8,8.6,0.0,5,0,0.0,0.0,3620.0,99
content_3a43a326c757,0.9434669942975302,HIGH PRIORITY REFRESH,model_flagged_decline_risk,104,16.8,0.64,4697,29,0.0,0.0,5020.0,223
content_8f9ee6defeac,0.9434356318981458,HIGH PRIORITY REFRESH,model_flagged_decline_risk,104,25.4,0.07,2522,0,0.0,0.0,4941.0,211
content_2f0d3803995d,0.9433470459207074,HIGH PRIORITY REFRESH,model_flagged_decline_risk,8,19.1,0.31,1943,5,0.0,0.0,3830.0,148
content_823ea9b9b355,0.9433098556246239,HIGH PRIORITY REFRESH,model_flagged_decline_risk,20,3.9,0.0,1394,0,0.0,0.0,2860.0,95
content_bbcd67ca99b3,0.9431543460953778,HIGH PRIORITY REFRESH,model_flagged_decline_risk,8,7.6,0.0,5,0,10.0,0.0,3178.0,96
content_b3202921cb5c,0.943144680157537,HIGH PRIORITY REFRESH,model_flagged_decline_risk,104,37.3,0.03,895,0,0.0,0.0,6611.0,216
content_20c5d6a1c7b1,0.9431427225884579,HIGH PRIORITY REFRESH,model_flagged_decline_risk,8,6.2,0.0,54,0,0.0,0.0,3687.0,91
content_8890413ff543,0.9431160092487473,HIGH PRIORITY REFRESH,model_flagged_decline_risk,1,4.5,0.0,1,0,0.0,0.0,2707.0,91
content_7328f4cf3c6c,0.9430633029962394,HIGH PRIORITY REFRESH,model_flagged_decline_risk,104,24.4,0.0,977,0,0.0,0.0,4846.0,223
content_718b2384bae1,0.9430241760666165,HIGH PRIORITY REFRESH,model_flagged_decline_risk,8,5.4,0.0,15,0,0.0,0.0,5040.0,98
content_1da78cd4c939,0.9430142215671738,HIGH PRIORITY REFRESH,model_flagged_decline_risk,8,5.3,0.0,25,0,0.0,0.0,2535.0,90
content_05b76f80d5eb,0.9430090876941808,HIGH PRIORITY REFRESH,model_flagged_decline_risk,104,18.9,0.17,1543,1,0.0,0.0,5591.0,139
content_44ab236094a1,0.9429957566586399,HIGH PRIORITY REFRESH,model_flagged_decline_risk,104,30.4,0.16,2191,3,0.0,0.0,7358.0,223
content_fcad17154309,0.9429663846919442,HIGH PRIORITY REFRESH,model_flagged_decline_risk,20,1.1,0.11,292,0,10.0,1.0,2841.0,95
content_8af064fb600e,0.942817847049683,HIGH PRIORITY REFRESH,model_flagged_decline_risk,104,23.1,0.16,1103,1,0.0,0.0,6134.0,223
content_bd3f72f8515e,0.9427678249422655,HIGH PRIORITY REFRESH,model_flagged_decline_risk,104,37.8,0.1,1589,2,0.0,0.0,5584.0,211
content_268b56dc0221,0.9426957184895774,HIGH PRIORITY REFRESH,model_flagged_decline_risk,8,5.2,0.0,50,0,20.0,0.0,2780.0,98
content_a32c6929c02b,0.9426412896600824,HIGH PRIORITY REFRESH,model_flagged_decline_risk,104,3.0,0.0,19,0,30.0,0.31,0.0,313
content_bdd872833815,0.9425717464129791,HIGH PRIORITY REFRESH,model_flagged_decline_risk,104,24.8,0.07,1903,1,0.0,0.0,4531.0,148
content_b06618bdd6da,0.9425717464129791,HIGH PRIORITY REFRESH,model_flagged_decline_risk,104,30.8,0.07,3223,1,0.0,0.0,4449.0,153
content_f8b26dc428d8,0.9425214089021451,HIGH PRIORITY REFRESH,model_flagged_decline_risk,8,10.3,0.46,1136,5,0.0,0.0,5508.0,148
content_1227f9ecc008,0.9425183357502406,HIGH PRIORITY REFRESH,model_flagged_decline_risk,104,20.8,0.19,1002,2,0.0,0.0,5849.0,144
content_92e82117578a,0.9423532040568525,HIGH PRIORITY REFRESH,model_flagged_decline_risk,104,32.0,0.27,3266,15,0.0,0.0,5092.0,211
content_17f1c81fdd37,0.9423453280139601,HIGH PRIORITY REFRESH,model_flagged_decline_risk,8,9.7,0.0,2,0,50.0,0.17,2706.0,95
content_f394c41c3f85,0.9423380114064747,HIGH PRIORITY REFRESH,model_flagged_decline_risk,20,4.6,0.0,63,0,0.0,0.0,4858.0,221
content_242512083070,0.942308926321086,HIGH PRIORITY REFRESH,model_flagged_decline_risk,104,24.2,0.07,2600,2,0.0,0.0,4614.0,223
content_70b10b7227ac,0.9422664135458959,HIGH PRIORITY REFRESH,model_flagged_decline_risk,8,7.5,0.0,127,0,0.0,0.0,3931.0,99
content_ab7a3d0acf37,0.9422630574803379,HIGH PRIORITY REFRESH,model_flagged_decline_risk,13,11.8,0.0,371,0,70.0,0.84,2638.0,300
content_0fedc79a92f8,0.9422174229968359,HIGH PRIORITY REFRESH,model_flagged_decline_risk,104,24.6,0.06,2988,1,0.0,0.0,4513.0,148
content_0c4fa721adfa,0.9421791161039658,HIGH PRIORITY REFRESH,model_flagged_decline_risk,104,15.1,0.11,1087,0,0.0,0.0,5684.0,151
content_a2d394e98056,0.9421338819591248,HIGH PRIORITY REFRESH,model_flagged_decline_risk,104,9.4,0.0,376,0,0.0,0.0,1851.0,228
content_aad450b6b9fd,0.9420953639242365,HIGH PRIORITY REFRESH,model_flagged_decline_risk,104,30.1,0.13,4750,5,0.0,0.0,4758.0,148
content_afbc1b8a8342,0.9420832891298013,HIGH PRIORITY REFRESH,model_flagged_decline_risk,13,29.9,0.0,520,0,10.0,0.67,2513.0,300
content_1de45147a2be,0.942074916463685,HIGH PRIORITY REFRESH,model_flagged_decline_risk,104,40.9,0.05,10637,4,50.0,0.9,5864.0,300
content_1624a906686f,0.9420718217340442,HIGH PRIORITY REFRESH,model_flagged_decline_risk,104,30.3,0.04,6771,5,20.0,0.24,6492.0,300
content_7e37aba82d33,0.9420566862681259,HIGH PRIORITY REFRESH,model_flagged_decline_risk,8,9.0,0.0,329,0,0.0,0.0,2794.0,148
content_f77db8686769,0.942051938000723,HIGH PRIORITY REFRESH,model_flagged_decline_risk,8,7.0,0.0,3,0,110.0,0.02,2746.0,98
content_3fa23f876da6,0.9420403884494746,HIGH PRIORITY REFRESH,model_flagged_decline_risk,104,29.9,0.04,14140,9,30.0,0.14,5367.0,299
content_47c1fd5bcb75,0.9419776288929149,HIGH PRIORITY REFRESH,model_flagged_decline_risk,104,21.5,0.31,5516,26,0.0,0.0,3629.0,125
content_d48a0d388685,0.9419768123256169,HIGH PRIORITY REFRESH,model_flagged_decline_risk,104,3.8,0.0,667,0,10.0,0.43,0.0,148
content_99f7f3940ed4,0.9419578713528584,HIGH PRIORITY REFRESH,model_flagged_decline_risk,8,45.1,0.0,22,0,10.0,0.0,4030.0,91
content_14ac85a5baa4,0.9419437315712621,HIGH PRIORITY REFRESH,model_flagged_decline_risk,104,19.5,0.31,3201,11,0.0,0.0,5057.0,211
content_722ffb69f94a,0.9419248677077875,HIGH PRIORITY REFRESH,model_flagged_decline_risk,104,18.3,0.2,7499,15,0.0,0.0,6653.0,229
content_be068bf63981,0.9418516781781424,HIGH PRIORITY REFRESH,model_flagged_decline_risk,15,15.7,0.0,330,0,0.0,0.0,2869.0,104
content_d2af61ee2a92,0.9418287166639034,HIGH PRIORITY REFRESH,model_flagged_decline_risk,13,26.2,0.0,578,0,110.0,0.49,2380.0,300
content_05a12bf9c848,0.9418146524282976,HIGH PRIORITY REFRESH,model_flagged_decline_risk,8,15.6,0.0,35,0,40.0,0.27,2986.0,98
content_5d7c6ff74d1f,0.9416464238918046,HIGH PRIORITY REFRESH,model_flagged_decline_risk,104,21.9,0.16,767,1,0.0,0.0,7410.0,139
content_390f53bd5dab,0.9416249657620048,HIGH PRIORITY REFRESH,model_flagged_decline_risk,8,9.9,0.0,5,0,30.0,0.09,3033.0,98
content_1d9909fc2b04,0.9415685270783122,HIGH PRIORITY REFRESH,model_flagged_decline_risk,20,7.2,0.0,406,0,0.0,0.0,2498.0,141
content_d225ec9f3d46,0.941536354745976,HIGH PRIORITY REFRESH,model_flagged_decline_risk,20,0.7,0.05,7260,4,0.0,0.0,2618.0,95
content_f6b05f1a673a,0.9414132789970148,HIGH PRIORITY REFRESH,model_flagged_decline_risk,8,68.0,0.0,3,0,10.0,1.0,3677.0,90
content_39b6f6812582,0.9413963330155694,HIGH PRIORITY REFRESH,model_flagged_decline_risk,20,41.4,0.0,12138,1,0.0,0.0,3441.0,111
content_a9d852951780,0.9413401096482695,HIGH PRIORITY REFRESH,model_flagged_decline_risk,104,28.9,0.08,3607,4,0.0,0.0,5050.0,216
content_caa46bc186d5,0.9412916421688152,HIGH PRIORITY REFRESH,model_flagged_decline_risk,104,14.5,0.11,4806,5,0.0,0.0,4819.0,139
content_90d5f9ecb7a9,0.9412839381818474,HIGH PRIORITY REFRESH,model_flagged_decline_risk,7,9.4,0.0,1544,0,20.0,0.02,3038.0,230
content_c1af6b8ae752,0.9412274481288838,HIGH PRIORITY REFRESH,model_flagged_decline_risk,104,15.9,0.37,3944,6,0.0,0.0,6121.0,223
content_e8ab88172458,0.9411338565866306,HIGH PRIORITY REFRESH,model_flagged_decline_risk,20,6.4,0.0,327,0,20.0,0.88,2631.0,153
content_2c860a2509ec,0.9411233125430112,HIGH PRIORITY REFRESH,model_flagged_decline_risk,20,2.6,0.09,556,1,10.0,0.8,2661.0,95
content_2c3b20f68843,0.9411208147554344,HIGH PRIORITY REFRESH,model_flagged_decline_risk,104,14.4,0.0,402,0,0.0,0.0,6130.0,223
content_7ddd591dacaa,0.9411147082849667,HIGH PRIORITY REFRESH,model_flagged_decline_risk,104,2.4,0.12,575,2,10.0,0.07,0.0,329
content_1aae7c2983fc,0.9411106734875484,HIGH PRIORITY REFRESH,model_flagged_decline_risk,14,8.0,0.0,446,0,10.0,0.0,2722.0,326
content_98e793f36288,0.9410115740304985,HIGH PRIORITY REFRESH,model_flagged_decline_risk,104,16.9,0.1,502,0,0.0,0.0,6875.0,151
content_50cd61b8e18d,0.9409864307512353,HIGH PRIORITY REFRESH,model_flagged_decline_risk,14,19.1,0.05,1189,1,0.0,0.0,3171.0,228
content_8059c0222f8d,0.9409490084265189,HIGH PRIORITY REFRESH,model_flagged_decline_risk,8,27.2,0.0,22,0,4400.0,0.26,3715.0,91
content_11f82e9d8366,0.9409192836061138,HIGH PRIORITY REFRESH,model_flagged_decline_risk,8,2.6,0.0,5,0,0.0,0.0,3186.0,90
content_d186de0e919b,0.940743940560892,HIGH PRIORITY REFRESH,model_flagged_decline_risk,104,32.3,0.11,11316,12,0.0,0.0,3874.0,125
content_15bbc0978284,0.9407250024859986,HIGH PRIORITY REFRESH,model_flagged_decline_risk,104,34.4,0.04,40198,17,0.0,0.0,4567.0,148
content_866a5947cd6e,0.9406743958075405,HIGH PRIORITY REFRESH,model_flagged_decline_risk,8,8.6,0.0,28,0,0.0,0.0,2907.0,90
content_0e585d5690b9,0.9406568700200924,HIGH PRIORITY REFRESH,model_flagged_decline_risk,104,22.5,0.25,1718,3,0.0,0.0,7654.0,216
content_a2dcd4fd3f4d,0.9406300121921333,HIGH PRIORITY REFRESH,model_flagged_decline_risk,104,14.5,0.11,779,1,0.0,0.0,6839.0,151
content_64d86659a6ac,0.9406274058547335,HIGH PRIORITY REFRESH,model_flagged_decline_risk,8,6.9,0.0,41,0,0.0,0.0,3880.0,99
content_5e7478745cdb,0.9406045506316768,HIGH PRIORITY REFRESH,model_flagged_decline_risk,104,26.1,0.08,1638,1,0.0,0.0,5600.0,211
content_af6dfd1e84e9,0.940578255696265,HIGH PRIORITY REFRESH,model_flagged_decline_risk,104,3.4,0.07,432,0,0.0,0.0,5583.0,312
content_62a0f99ad691,0.9405152957487254,HIGH PRIORITY REFRESH,model_flagged_decline_risk,8,13.4,0.0,3,0,50.0,0.24,2974.0,98
content_7dd47b8d3185,0.9405152957487254,HIGH PRIORITY REFRESH,model_flagged_decline_risk,8,12.3,0.0,6,0,50.0,0.17,2980.0,98
content_27682a7cd588,0.9404840807502773,HIGH PRIORITY REFRESH,model_flagged_decline_risk,8,9.4,0.0,11,0,0.0,0.0,2950.0,90
content_f08a01075f03,0.9404787425469606,HIGH PRIORITY REFRESH,model_flagged_decline_risk,104,22.5,0.26,1152,1,0.0,0.0,4900.0,144
content_05638e30a6ed,0.9404495390435094,HIGH PRIORITY REFRESH,model_flagged_decline_risk,8,12.7,0.0,23,0,0.0,0.0,2703.0,90
content_bc87c1db49f9,0.9403992059320943,HIGH PRIORITY REFRESH,model_flagged_decline_risk,104,35.3,0.14,993,0,0.0,0.0,5492.0,223
content_17fa1c9a8ab2,0.9403749690625893,HIGH PRIORITY REFRESH,model_flagged_decline_risk,8,3.4,0.0,4,0,20.0,0.31,3121.0,98
content_d147b8a57322,0.9403331255185813,HIGH PRIORITY REFRESH,model_flagged_decline_risk,20,5.7,0.0,47,0,0.0,0.0,4654.0,221
content_9807c64459c7,0.9402712696295765,HIGH PRIORITY REFRESH,model_flagged_decline_risk,8,7.0,0.0,9,0,0.0,0.0,4077.0,98
content_00e35f6efaee,0.9402561768423158,HIGH PRIORITY REFRESH,model_flagged_decline_risk,104,2.3,0.07,471,0,0.0,0.0,0.0,330
content_51f774b3cd51,0.9401729102083674,HIGH PRIORITY REFRESH,model_flagged_decline_risk,8,10.8,0.0,7,0,0.0,0.0,2682.0,90
content_9b32ad9a1acf,0.9401729102083674,HIGH PRIORITY REFRESH,model_flagged_decline_risk,8,12.8,0.0,8,0,0.0,0.0,2697.0,90
content_e424bec1e0fd,0.940088213153317,HIGH PRIORITY REFRESH,model_flagged_decline_risk,104,17.1,0.76,1258,9,0.0,0.0,5317.0,144
content_d774f47c2773,0.9400877205535024,HIGH PRIORITY REFRESH,model_flagged_decline_risk,104,25.8,0.16,648,0,0.0,0.0,5560.0,223
content_264eb37f89e7,0.9400685700069418,HIGH PRIORITY REFRESH,model_flagged_decline_risk,104,19.9,0.3,582,1,0.0,0.0,6455.0,223
content_b1dec12cc3db,0.9400606904067318,HIGH PRIORITY REFRESH,model_flagged_decline_risk,104,2.2,0.0,221,0,0.0,0.0,0.0,236
content_6aaf114d924b,0.9400335611107583,HIGH PRIORITY REFRESH,model_flagged_decline_risk,104,35.6,0.08,4734,3,0.0,0.0,5129.0,229
content_d22a42b60578,0.940027080836354,HIGH PRIORITY REFRESH,model_flagged_decline_risk,104,2.1,0.13,531,0,10.0,0.0,0.0,329
content_6383ca5adafb,0.940022974798342,HIGH PRIORITY REFRESH,model_flagged_decline_risk,14,27.9,0.0,491,0,10.0,0.0,2796.0,300
content_5a9629ab92d4,0.9399724940388694,HIGH PRIORITY REFRESH,model_flagged_decline_risk,104,2.4,0.06,874,0,10.0,0.0,0.0,329
content_7a835d05623c,0.9399708438476022,HIGH PRIORITY REFRESH,model_flagged_decline_risk,104,1.9,0.19,261,2,10.0,0.86,5036.0,236
content_5ad7af3d8eb2,0.9399296491712296,HIGH PRIORITY REFRESH,model_flagged_decline_risk,8,7.6,0.0,5,0,0.0,0.0,2977.0,90
content_c55883a044ac,0.9399296491712296,HIGH PRIORITY REFRESH,model_flagged_decline_risk,8,7.2,0.0,4,0,0.0,0.0,2960.0,90
content_f3c613244cd1,0.9399077452443285,HIGH PRIORITY REFRESH,model_flagged_decline_risk,104,18.6,0.12,535,1,0.0,0.0,5910.0,139
content_6cda6fc638ca,0.93990768317512,HIGH PRIORITY REFRESH,model_flagged_decline_risk,104,32.2,0.24,3103,7,0.0,0.0,5312.0,223
content_8463477d3ec5,0.9398756087380736,HIGH PRIORITY REFRESH,model_flagged_decline_risk,8,22.4,0.35,1292,2,10.0,0.0,4027.0,148
content_fd40fc33802e,0.9398353290892456,HIGH PRIORITY REFRESH,model_flagged_decline_risk,8,15.8,0.0,3,0,0.0,0.0,2907.0,90
content_df71843dcd17,0.9398186157842968,HIGH PRIORITY REFRESH,model_flagged_decline_risk,103,76.4,0.0,9008,0,30.0,0.03,1329.0,237
content_0a8d93a0ea46,0.9397843028174059,HIGH PRIORITY REFRESH,model_flagged_decline_risk,104,16.8,0.43,1543,7,0.0,0.0,5414.0,223
content_93a4447beb7f,0.9397758563718894,HIGH PRIORITY REFRESH,model_flagged_decline_risk,8,5.9,0.0,11,0,30.0,0.36,3092.0,98
content_c1f7f47a401b,0.939749372098204,HIGH PRIORITY REFRESH,model_flagged_decline_risk,104,2.2,0.04,401,0,0.0,0.0,0.0,144
content_f17bbee2cfb9,0.9397186860252634,HIGH PRIORITY REFRESH,model_flagged_decline_risk,104,4.8,0.0,237,0,50.0,0.21,0.0,153
content_5347b1aee67d,0.9397090750443323,HIGH PRIORITY REFRESH,model_flagged_decline_risk,104,26.8,0.18,9369,24,0.0,0.0,6903.0,229
content_b225757aa17b,0.9397058055005286,HIGH PRIORITY REFRESH,model_flagged_decline_risk,8,6.2,0.0,4,0,30.0,1.0,4297.0,153
content_56247ba27607,0.9396617683530654,HIGH PRIORITY REFRESH,model_flagged_decline_risk,8,6.3,0.0,46,0,0.0,0.0,4428.0,98
content_6123062ebd46,0.939655191005729,HIGH PRIORITY REFRESH,model_flagged_decline_risk,104,26.4,0.52,1143,8,0.0,0.0,6467.0,223
content_fab127eeb3e2,0.9396292076589401,HIGH PRIORITY REFRESH,model_flagged_decline_risk,104,17.2,0.26,2128,2,0.0,0.0,5846.0,144
content_fa010e82bda5,0.9395148397284072,HIGH PRIORITY REFRESH,model_flagged_decline_risk,20,39.1,0.12,3159,5,0.0,0.0,3711.0,111
content_700de55b1459,0.9395058103329479,HIGH PRIORITY REFRESH,model_flagged_decline_risk,104,14.5,0.0,408,0,20.0,0.02,1538.0,280
content_67b2b7270210,0.939472555006702,HIGH PRIORITY REFRESH,model_flagged_decline_risk,104,22.4,0.54,4869,19,0.0,0.0,3666.0,125
content_46fec0467a1c,0.9394238092695429,HIGH PRIORITY REFRESH,model_flagged_decline_risk,104,29.0,0.12,2449,5,0.0,0.0,5717.0,216
content_4ba95f473df2,0.9394137050420698,HIGH PRIORITY REFRESH,model_flagged_decline_risk,20,46.6,0.08,4776,1,0.0,0.0,3902.0,98
content_f1743a78cb16,0.9394015517818287,HIGH PRIORITY REFRESH,model_flagged_decline_risk,92,2.0,0.0,3,0,20.0,0.0,1675.0,238
content_8b18f48e0c1c,0.939310894243521,HIGH PRIORITY REFRESH,model_flagged_decline_risk,8,8.3,0.0,18,0,90.0,0.0,3099.0,98
content_6d177f69f7cd,0.9392940163165329,HIGH PRIORITY REFRESH,model_flagged_decline_risk,104,20.9,0.92,2832,25,0.0,0.0,3904.0,125
content_149f5cd7e279,0.9392634042445598,HIGH PRIORITY REFRESH,model_flagged_decline_risk,104,14.7,0.08,1003,0,0.0,0.0,5442.0,139
content_ae54c1f1dac8,0.9392312417961188,HIGH PRIORITY REFRESH,model_flagged_decline_risk,104,32.8,0.02,9277,0,0.0,0.0,6756.0,287
content_407ed508bab5,0.9392203067046234,HIGH PRIORITY REFRESH,model_flagged_decline_risk,8,4.3,0.0,7,0,0.0,0.0,2984.0,90
content_66458ac1b739,0.9391756043067587,HIGH PRIORITY REFRESH,model_flagged_decline_risk,102,2.9,0.03,697,0,10.0,0.13,1506.0,223
content_b21aed900ad9,0.939171426805128,HIGH PRIORITY REFRESH,model_flagged_decline_risk,104,35.7,0.0,3527,0,140.0,0.29,5151.0,300
content_482107545b43,0.9391495823692532,HIGH PRIORITY REFRESH,model_flagged_decline_risk,20,24.3,0.0,591,0,50.0,0.67,5308.0,154
content_5392960cd936,0.9390901210683258,HIGH PRIORITY REFRESH,model_flagged_decline_risk,8,6.0,0.0,4,0,0.0,0.0,2899.0,90
content_e377951d052c,0.9390735800641189,HIGH PRIORITY REFRESH,model_flagged_decline_risk,104,14.8,0.06,1257,0,0.0,0.0,5552.0,139
content_e62e5fe2acbd,0.9390503024387559,HIGH PRIORITY REFRESH,model_flagged_decline_risk,20,10.4,0.0,160,0,0.0,0.0,5327.0,182
content_83350f683e73,0.9390242065919148,HIGH PRIORITY REFRESH,model_flagged_decline_risk,20,7.5,0.0,225,0,0.0,0.0,3734.0,221
content_813e88069237,0.9389828159592021,HIGH PRIORITY REFRESH,model_flagged_decline_risk,104,26.2,0.06,94762,47,0.0,0.0,4610.0,153
content_a2d6e73bc1eb,0.9389590785988685,HIGH PRIORITY REFRESH,model_flagged_decline_risk,104,29.6,0.1,38161,38,0.0,0.0,6383.0,211
content_947631bcfab1,0.938927766655219,HIGH PRIORITY REFRESH,model_flagged_decline_risk,8,13.0,0.0,40,0,30.0,0.32,3078.0,98
content_86186a2b52f3,0.9389110811783066,HIGH PRIORITY REFRESH,model_flagged_decline_risk,104,2.7,0.1,215,0,0.0,0.0,0.0,144
content_b1e117d9c34c,0.9388462011041417,HIGH PRIORITY REFRESH,model_flagged_decline_risk,20,1.3,0.07,1056,1,0.0,0.0,3256.0,118
content_b2274f7b5ba8,0.9388444789133609,HIGH PRIORITY REFRESH,model_flagged_decline_risk,104,19.6,0.18,778,1,0.0,0.0,6638.0,139
content_4ab3f3be7f49,0.9388444789133609,HIGH PRIORITY REFRESH,model_flagged_decline_risk,104,19.2,0.18,995,1,0.0,0.0,7299.0,139
content_7abc9eec7679,0.9388302369036324,HIGH PRIORITY REFRESH,model_flagged_decline_risk,104,32.4,0.27,1234,3,0.0,0.0,6363.0,223
content_eedda1271288,0.9386917422698188,HIGH PRIORITY REFRESH,model_flagged_decline_risk,20,12.0,0.0,494,0,110.0,0.17,1360.0,96
content_0aa26c3cb6e7,0.9386867076702264,HIGH PRIORITY REFRESH,model_flagged_decline_risk,20,29.9,0.08,3539,1,0.0,0.0,3691.0,104
content_ce1f9e5f2424,0.9386430408357697,HIGH PRIORITY REFRESH,model_flagged_decline_risk,7,5.2,0.0,342,0,1300.0,0.6,3022.0,545
content_ac62a2317777,0.9386309003087392,HIGH PRIORITY REFRESH,model_flagged_decline_risk,104,2.4,0.13,397,1,0.0,0.0,0.0,330
content_9875187a3afa,0.9386309003087392,HIGH PRIORITY REFRESH,model_flagged_decline_risk,104,2.5,0.13,580,1,0.0,0.0,0.0,330
content_9ff56c1ee755,0.9385757458519609,HIGH PRIORITY REFRESH,model_flagged_decline_risk,8,6.7,0.0,3,0,20.0,0.2,2679.0,98
content_5cda32af644c,0.9385720957145545,HIGH PRIORITY REFRESH,model_flagged_decline_risk,104,3.0,0.0,174,0,0.0,0.0,1587.0,148
content_36d91a846ccf,0.9385609068635029,HIGH PRIORITY REFRESH,model_flagged_decline_risk,8,14.7,0.0,16,0,30.0,0.0,2511.0,91
content_e50995bb46d4,0.9385193519861729,HIGH PRIORITY REFRESH,model_flagged_decline_risk,104,1.9,0.09,914,0,10.0,0.0,0.0,329
content_cd6992c2e3aa,0.9384927307466612,HIGH PRIORITY REFRESH,model_flagged_decline_risk,104,2.2,0.06,775,1,0.0,0.0,0.0,330
content_b894542ff295,0.9384829793177938,HIGH PRIORITY REFRESH,model_flagged_decline_risk,104,15.8,0.12,681,1,0.0,0.0,6626.0,139
content_5cb0d7dc1a4f,0.938459720927268,HIGH PRIORITY REFRESH,model_flagged_decline_risk,8,14.0,0.0,53,0,20.0,0.01,2878.0,98
content_9983d31c53cb,0.9383411622218221,HIGH PRIORITY REFRESH,model_flagged_decline_risk,7,5.5,0.0,2690,0,20.0,0.0,2396.0,326
content_a69eae205362,0.9383014168631804,HIGH PRIORITY REFRESH,model_flagged_decline_risk,104,28.7,0.04,2223,1,0.0,0.0,4265.0,148
content_7a93d3033ba5,0.9382960836361206,HIGH PRIORITY REFRESH,model_flagged_decline_risk,8,8.1,0.0,26,0,30.0,0.17,2908.0,98
content_0545449225eb,0.9382960836361206,HIGH PRIORITY REFRESH,model_flagged_decline_risk,8,9.1,0.0,39,0,20.0,0.16,2910.0,98
content_65629be9dbb5,0.9382872547016864,HIGH PRIORITY REFRESH,model_flagged_decline_risk,104,7.0,0.0,381,0,0.0,0.0,5865.0,148
content_f902a3fb5173,0.9382650478880881,HIGH PRIORITY REFRESH,model_flagged_decline_risk,8,4.6,0.0,85,0,10.0,0.86,3867.0,110
content_919827b5860a,0.9382623822134643,HIGH PRIORITY REFRESH,model_flagged_decline_risk,104,27.2,0.1,13416,13,0.0,0.0,5146.0,229
content_998f6f88784c,0.93820747953046,HIGH PRIORITY REFRESH,model_flagged_decline_risk,8,2.6,0.02,9661,0,10.0,0.04,2964.0,148
content_bcd652c611cd,0.938184810403276,HIGH PRIORITY REFRESH,model_flagged_decline_risk,104,16.6,0.13,734,1,0.0,0.0,6045.0,148
content_f890d20292b1,0.9380632642424662,HIGH PRIORITY REFRESH,model_flagged_decline_risk,20,6.3,0.0,472,0,0.0,0.0,2824.0,141
content_92ac6bfcdc4e,0.9380077241762985,HIGH PRIORITY REFRESH,model_flagged_decline_risk,104,22.5,0.36,765,2,0.0,0.0,6078.0,223
content_aa4484c0b710,0.9379641148044182,HIGH PRIORITY REFRESH,model_flagged_decline_risk,20,40.8,0.19,1871,2,0.0,0.0,3921.0,104
content_c14dd9d0615e,0.9378906065797472,HIGH PRIORITY REFRESH,model_flagged_decline_risk,104,16.0,0.21,2773,4,0.0,0.0,5257.0,153
content_d0514841218d,0.9378685664226001,HIGH PRIORITY REFRESH,model_flagged_decline_risk,104,23.5,0.18,532,2,0.0,0.0,6024.0,139
content_198757833a19,0.9378241217509312,HIGH PRIORITY REFRESH,model_flagged_decline_risk,104,18.6,0.13,1918,0,0.0,0.0,5238.0,216
content_33b25855b6d9,0.9378217630462651,HIGH PRIORITY REFRESH,model_flagged_decline_risk,7,20.9,0.0,349,0,0.0,0.0,2914.0,228
content_ba571343dadc,0.9378208858100203,HIGH PRIORITY REFRESH,model_flagged_decline_risk,104,16.7,0.52,9768,55,0.0,0.0,6842.0,216
content_d1bc0303bb56,0.9377164021583834,HIGH PRIORITY REFRESH,model_flagged_decline_risk,104,35.4,0.11,464,1,0.0,0.0,5967.0,139
content_20e5fd15daaf,0.9376819314897917,HIGH PRIORITY REFRESH,model_flagged_decline_risk,104,21.0,0.0,1649,0,10.0,0.05,0.0,148
content_16fd69d7cb31,0.9376637345849466,HIGH PRIORITY REFRESH,model_flagged_decline_risk,8,3.0,0.12,3668,1,0.0,0.0,3275.0,140
content_2d82982797f0,0.9376543184570053,HIGH PRIORITY REFRESH,model_flagged_decline_risk,104,14.5,1.24,5847,80,0.0,0.0,4696.0,144
content_ad22bbb7b57a,0.9376281772229524,HIGH PRIORITY REFRESH,model_flagged_decline_risk,104,29.5,0.06,2653,1,0.0,0.0,4985.0,216
content_0e1baeb3ecca,0.9376060877779516,HIGH PRIORITY REFRESH,model_flagged_decline_risk,7,3.5,0.06,497,0,0.0,0.0,2711.0,228
content_a1657ceba7bc,0.9375900475998034,HIGH PRIORITY REFRESH,model_flagged_decline_risk,8,22.0,0.0,2420,0,90.0,0.12,4336.0,140
content_d47cf9259cba,0.937574930604925,HIGH PRIORITY REFRESH,model_flagged_decline_risk,104,17.5,0.17,2454,3,0.0,0.0,5671.0,148
content_caa7b5899897,0.937574930604925,HIGH PRIORITY REFRESH,model_flagged_decline_risk,104,16.4,0.19,1615,3,0.0,0.0,5401.0,144
content_5c64c00bfcbd,0.9374683971317797,HIGH PRIORITY REFRESH,model_flagged_decline_risk,104,44.6,0.06,5083,0,50.0,0.22,6418.0,300
content_f85c5ae54045,0.9373563305883774,HIGH PRIORITY REFRESH,model_flagged_decline_risk,104,28.1,0.23,18265,44,0.0,0.0,5389.0,211
content_df52e4dd0bdc,0.9373537576990024,HIGH PRIORITY REFRESH,model_flagged_decline_risk,8,8.3,0.0,16,0,20.0,0.34,2796.0,98
content_03813cfb4b70,0.9373465390909291,HIGH PRIORITY REFRESH,model_flagged_decline_risk,104,3.1,0.0,131,0,10.0,0.43,0.0,257
content_f3e0490c923e,0.9373448216224777,HIGH PRIORITY REFRESH,model_flagged_decline_risk,104,33.8,0.0,602,0,0.0,0.0,6383.0,216
content_98843f898048,0.9372969179934629,HIGH PRIORITY REFRESH,model_flagged_decline_risk,104,4.1,0.0,197,0,10.0,0.5,6719.0,236
content_fe3921708106,0.937262201727466,HIGH PRIORITY REFRESH,model_flagged_decline_risk,104,20.6,0.88,3386,36,0.0,0.0,3857.0,125
content_f2f1a8447eae,0.937260284059837,HIGH PRIORITY REFRESH,model_flagged_decline_risk,104,35.4,0.25,6073,19,0.0,0.0,3699.0,124
content_5c5188e6e36d,0.9372320413474111,HIGH PRIORITY REFRESH,model_flagged_decline_risk,104,28.8,0.19,621,1,0.0,0.0,7932.0,223
content_bf58ef9ef6ea,0.9372320413474111,HIGH PRIORITY REFRESH,model_flagged_decline_risk,104,32.0,0.18,1179,1,0.0,0.0,6693.0,223
content_d8a36f6f9744,0.9371952461021622,HIGH PRIORITY REFRESH,model_flagged_decline_risk,104,34.7,0.04,11885,3,0.0,0.0,7408.0,287
content_ea379287633b,0.9371952461021622,HIGH PRIORITY REFRESH,model_flagged_decline_risk,104,33.4,0.05,14245,6,0.0,0.0,6398.0,299
content_033c4ef6958e,0.937185674138339,HIGH PRIORITY REFRESH,model_flagged_decline_risk,104,19.1,1.41,3869,57,0.0,0.0,3898.0,124
content_95d3c68b9fa3,0.9371708327116453,HIGH PRIORITY REFRESH,model_flagged_decline_risk,104,33.2,0.04,1250,1,0.0,0.0,4862.0,223
content_de7b147db730,0.9371577954245213,HIGH PRIORITY REFRESH,model_flagged_decline_risk,8,6.4,0.0,53,0,0.0,0.0,3950.0,99
content_3b21e8743e25,0.9371499881051363,HIGH PRIORITY REFRESH,model_flagged_decline_risk,20,22.8,0.02,2664,0,0.0,0.0,3624.0,104
content_ce80c713d2c3,0.9370788954349364,HIGH PRIORITY REFRESH,model_flagged_decline_risk,104,16.4,0.42,1108,5,0.0,0.0,6956.0,139
content_06e9e92cfb31,0.9370754161510029,HIGH PRIORITY REFRESH,model_flagged_decline_risk,20,18.8,0.32,1246,3,0.0,0.0,4113.0,144
content_51b04dcc4d9f,0.9369914464897495,HIGH PRIORITY REFRESH,model_flagged_decline_risk,104,16.7,0.11,1052,0,0.0,0.0,5821.0,216
content_9b78399969c8,0.9369420244666252,HIGH PRIORITY REFRESH,model_flagged_decline_risk,8,10.6,0.0,21,0,90.0,0.04,2902.0,98
content_5096a9d25fe5,0.936911062297266,HIGH PRIORITY REFRESH,model_flagged_decline_risk,104,46.6,0.01,24698,0,10.0,0.14,7180.0,300
content_8875af2af61d,0.9368361621296643,HIGH PRIORITY REFRESH,model_flagged_decline_risk,104,3.4,0.0,217,0,0.0,0.0,0.0,330
content_d4786a3f7544,0.9368022920926765,HIGH PRIORITY REFRESH,model_flagged_decline_risk,104,21.9,0.03,2775,0,0.0,0.0,8296.0,229
content_623acf258441,0.9368004331662073,HIGH PRIORITY REFRESH,model_flagged_decline_risk,104,22.8,0.16,756,0,0.0,0.0,5758.0,151
content_3b806fcc5b2c,0.9367610264107441,HIGH PRIORITY REFRESH,model_flagged_decline_risk,104,4.3,0.03,882,0,0.0,0.0,6289.0,287
content_859c14901cf9,0.9367053363001616,HIGH PRIORITY REFRESH,model_flagged_decline_risk,104,17.7,0.0,263,0,0.0,0.0,6020.0,139
content_124763d39ca5,0.9366015536189632,HIGH PRIORITY REFRESH,model_flagged_decline_risk,104,33.2,0.01,43307,5,0.0,0.0,5654.0,286
content_56f48894e6cb,0.9366004053807754,HIGH PRIORITY REFRESH,model_flagged_decline_risk,104,19.1,0.0,582,0,0.0,0.0,6982.0,211
content_2ad5b9d6ffd6,0.9365948150624122,HIGH PRIORITY REFRESH,model_flagged_decline_risk,104,23.6,0.09,4306,5,0.0,0.0,5748.0,229
content_da01208f5c17,0.9365875528320781,HIGH PRIORITY REFRESH,model_flagged_decline_risk,19,2.3,0.0,170,0,20.0,0.51,3034.0,223
content_0b87f2642f07,0.9365196604117046,HIGH PRIORITY REFRESH,model_flagged_decline_risk,104,17.5,0.31,7925,22,0.0,0.0,5983.0,229
content_4ac253651eb0,0.9364890545911712,HIGH PRIORITY REFRESH,model_flagged_decline_risk,104,29.1,0.07,5763,4,0.0,0.0,7413.0,229
content_724a0d3199c1,0.9364862345888038,HIGH PRIORITY REFRESH,model_flagged_decline_risk,104,5.1,0.0,112,0,0.0,0.0,5957.0,223
content_a37ce8ddc090,0.9364698129638142,HIGH PRIORITY REFRESH,model_flagged_decline_risk,106,2.3,0.0,187,0,0.0,0.0,3379.0,106
content_36463ce6c065,0.9363319781930818,HIGH PRIORITY REFRESH,model_flagged_decline_risk,104,23.8,0.2,604,2,0.0,0.0,5601.0,216
content_4003a6d6ba34,0.9363101042061374,HIGH PRIORITY REFRESH,model_flagged_decline_risk,104,15.2,0.13,1366,2,0.0,0.0,6313.0,148
content_1b11e93d8029,0.9362699213255117,HIGH PRIORITY REFRESH,model_flagged_decline_risk,104,41.7,0.02,1626,0,20.0,0.51,6032.0,300
content_62e5bbe809b1,0.9362641223247554,HIGH PRIORITY REFRESH,model_flagged_decline_risk,104,38.0,0.09,8412,13,0.0,0.0,5032.0,229
content_caf0c9c5f0e5,0.9362589386071307,HIGH PRIORITY REFRESH,model_flagged_decline_risk,8,10.2,0.0,10,0,110.0,0.35,3467.0,98
content_ebbc1db5698c,0.9362484172079572,HIGH PRIORITY REFRESH,model_flagged_decline_risk,20,4.6,0.0,29,0,0.0,0.0,4501.0,221
content_aeb3a466b77c,0.9362384551966142,HIGH PRIORITY REFRESH,model_flagged_decline_risk,8,8.3,0.0,3,0,30.0,0.56,2909.0,98
content_2604a2184b1d,0.9362381643876754,HIGH PRIORITY REFRESH,model_flagged_decline_risk,8,19.3,0.2,1109,2,10.0,0.0,4552.0,148
content_0712451ba1e1,0.9361087828953102,HIGH PRIORITY REFRESH,model_flagged_decline_risk,20,3.6,0.0,264,0,90.0,0.12,2725.0,96
content_6ff38d8e90ae,0.9360173467876121,HIGH PRIORITY REFRESH,model_flagged_decline_risk,104,4.7,0.0,240,0,10.0,0.71,0.0,148
content_769a421d4a73,0.9360069334463869,HIGH PRIORITY REFRESH,model_flagged_decline_risk,25,30.7,0.02,3121,1,0.0,0.0,2905.0,228
content_2822ee0a37bc,0.9359557583480985,HIGH PRIORITY REFRESH,model_flagged_decline_risk,104,42.1,0.13,1354,2,0.0,0.0,6386.0,216
content_89b8af9c2e3d,0.935862364823848,HIGH PRIORITY REFRESH,model_flagged_decline_risk,20,6.0,0.0,700,0,0.0,0.0,2702.0,141
content_1d21199fe8d6,0.935839871674822,HIGH PRIORITY REFRESH,model_flagged_decline_risk,8,25.7,0.0,734,0,0.0,0.0,3614.0,104
content_eda0d694fe3b,0.9357812123078446,HIGH PRIORITY REFRESH,model_flagged_decline_risk,104,15.7,0.18,1732,4,0.0,0.0,5257.0,144
content_af0cb40d806f,0.935761380846227,HIGH PRIORITY REFRESH,model_flagged_decline_risk,104,2.6,0.2,595,0,0.0,0.0,0.0,330
content_bd765ab754cf,0.9356667230009205,HIGH PRIORITY REFRESH,model_flagged_decline_risk,20,17.2,0.08,24518,16,30.0,0.36,4650.0,168
content_10f8feb4e1e3,0.9356337225823652,HIGH PRIORITY REFRESH,model_flagged_decline_risk,104,25.3,0.06,558,0,0.0,0.0,4805.0,139
content_62c67fa2fa99,0.935625839394465,HIGH PRIORITY REFRESH,model_flagged_decline_risk,104,15.9,0.07,1319,0,0.0,0.0,5796.0,216
content_6cc2663a00ec,0.9354597057848885,HIGH PRIORITY REFRESH,model_flagged_decline_risk,8,2.0,0.09,1653,0,50.0,0.71,2834.0,106
content_ef4c88245700,0.9354492803149008,HIGH PRIORITY REFRESH,model_flagged_decline_risk,104,2.1,0.23,270,1,50.0,0.02,0.0,256
content_f01c13daf5b3,0.9353914094932616,HIGH PRIORITY REFRESH,model_flagged_decline_risk,104,26.6,0.12,523,0,0.0,0.0,5470.0,223
content_fcf98763320e,0.9353633245420142,HIGH PRIORITY REFRESH,model_flagged_decline_risk,8,29.1,0.02,1599,0,0.0,0.0,3615.0,140
content_fb12ebb35549,0.9353271862642238,HIGH PRIORITY REFRESH,model_flagged_decline_risk,104,24.9,0.18,2926,7,0.0,0.0,5381.0,216
content_f854023b075b,0.9353083847992988,HIGH PRIORITY REFRESH,model_flagged_decline_risk,104,5.1,0.0,56,0,18100.0,0.75,0.0,258
content_74cb5a290484,0.9352745267401135,HIGH PRIORITY REFRESH,model_flagged_decline_risk,104,36.3,0.04,11464,2,0.0,0.0,5753.0,287
content_b287e08d7dcf,0.9352701765505624,HIGH PRIORITY REFRESH,model_flagged_decline_risk,20,13.1,0.0,116,0,0.0,0.0,4345.0,203
content_310f726b3966,0.9352497548592333,HIGH PRIORITY REFRESH,model_flagged_decline_risk,104,19.2,0.29,1034,2,0.0,0.0,5003.0,223
content_147ae2b19152,0.9351620921634666,HIGH PRIORITY REFRESH,model_flagged_decline_risk,104,19.7,0.3,11890,31,0.0,0.0,6517.0,229
content_8e53acb6a426,0.9351620921634666,HIGH PRIORITY REFRESH,model_flagged_decline_risk,104,25.1,0.26,11306,37,0.0,0.0,5869.0,229
content_5cfe8ee91c65,0.9351561528440332,HIGH PRIORITY REFRESH,model_flagged_decline_risk,20,18.0,0.34,4493,15,0.0,0.0,3498.0,144
content_5ad0d416fbbd,0.9351166141417224,HIGH PRIORITY REFRESH,model_flagged_decline_risk,15,11.3,0.0,345,0,0.0,0.0,2744.0,104
content_f167e4ea9c2e,0.9351139733756171,HIGH PRIORITY REFRESH,model_flagged_decline_risk,104,23.9,0.7,4032,26,0.0,0.0,3603.0,125
content_7f6bc8a99e30,0.9350473816008833,HIGH PRIORITY REFRESH,model_flagged_decline_risk,104,4.6,0.0,73,0,0.0,0.0,5264.0,223
content_0b18afd5b14b,0.934972320163054,HIGH PRIORITY REFRESH,model_flagged_decline_risk,104,23.8,0.01,2306,0,10.0,0.13,6376.0,300
content_b7da04714513,0.9349592188973747,HIGH PRIORITY REFRESH,model_flagged_decline_risk,104,14.9,0.04,877,0,0.0,0.0,6767.0,139
content_628818a4da4d,0.9349579332932275,HIGH PRIORITY REFRESH,model_flagged_decline_risk,104,4.0,0.0,317,0,170.0,0.13,0.0,153
content_31a0049556d1,0.9349131811926004,HIGH PRIORITY REFRESH,model_flagged_decline_risk,104,21.0,0.24,537,3,0.0,0.0,5158.0,153
content_37d52a7d751c,0.9349002526494523,HIGH PRIORITY REFRESH,model_flagged_decline_risk,104,38.0,0.03,7312,3,0.0,0.0,8111.0,287
content_bd7c0867e933,0.9349002526494523,HIGH PRIORITY REFRESH,model_flagged_decline_risk,104,38.2,0.03,8997,2,0.0,0.0,6378.0,299
content_f5a6154dde6b,0.9349002526494523,HIGH PRIORITY REFRESH,model_flagged_decline_risk,104,36.2,0.02,6699,2,0.0,0.0,6192.0,286
content_96244e722aa7,0.934882009685015,HIGH PRIORITY REFRESH,model_flagged_decline_risk,20,8.4,0.0,44,0,50.0,0.81,1459.0,96
content_f813d0a86175,0.9348464073580866,HIGH PRIORITY REFRESH,model_flagged_decline_risk,104,29.3,0.07,766,1,20.0,0.11,5958.0,300
content_e11a5f03e75b,0.9348308340382546,HIGH PRIORITY REFRESH,model_flagged_decline_risk,104,21.5,0.06,614,1,0.0,0.0,5430.0,211
content_a28baa469eaa,0.934798926324263,HIGH PRIORITY REFRESH,model_flagged_decline_risk,8,12.0,0.33,2006,5,0.0,0.0,5324.0,148
content_02b6dd4fa15b,0.9347805088851963,HIGH PRIORITY REFRESH,model_flagged_decline_risk,20,32.4,0.15,2484,3,0.0,0.0,3912.0,111
content_321c511f44ff,0.9347311764332974,HIGH PRIORITY REFRESH,model_flagged_decline_risk,104,25.4,0.95,7231,93,0.0,0.0,3856.0,125
content_c82bc0c24241,0.9346913234083917,HIGH PRIORITY REFRESH,model_flagged_decline_risk,8,4.3,0.0,733,0,10.0,0.0,3099.0,106
content_a32e98e7adff,0.9346645959236857,HIGH PRIORITY REFRESH,model_flagged_decline_risk,20,3.0,0.0,105,0,10.0,0.07,3521.0,120
content_ae56011a24de,0.9346239559213574,HIGH PRIORITY REFRESH,model_flagged_decline_risk,8,4.2,0.0,93,0,0.0,0.0,4229.0,102
content_42ec7bfc8808,0.9346153383513236,HIGH PRIORITY REFRESH,model_flagged_decline_risk,8,13.1,0.0,739,0,0.0,0.0,4414.0,140
content_d02976f63873,0.934586132980719,HIGH PRIORITY REFRESH,model_flagged_decline_risk,104,28.7,0.07,4525,4,0.0,0.0,5923.0,211
content_8f16c82296ab,0.9345254015375668,HIGH PRIORITY REFRESH,model_flagged_decline_risk,104,43.6,0.03,5037,0,0.0,0.0,6012.0,229
content_ff3237507101,0.934523064583537,HIGH PRIORITY REFRESH,model_flagged_decline_risk,104,4.9,0.61,1321,4,0.0,0.0,1395.0,228
content_7aaa9bde414a,0.9344247049941694,HIGH PRIORITY REFRESH,model_flagged_decline_risk,104,25.3,0.36,3351,9,0.0,0.0,5675.0,211
content_49f408b3547d,0.9343877200375832,HIGH PRIORITY REFRESH,model_flagged_decline_risk,104,40.4,0.15,1051,2,0.0,0.0,4899.0,223
content_cfdee6b1e0ea,0.9343838033213672,HIGH PRIORITY REFRESH,model_flagged_decline_risk,104,21.7,0.07,1176,1,0.0,0.0,6248.0,211
content_8047972d7c7c,0.9343308405862287,HIGH PRIORITY REFRESH,model_flagged_decline_risk,104,20.0,0.19,4410,8,0.0,0.0,4725.0,151
content_5df0327662c3,0.9343253672187591,HIGH PRIORITY REFRESH,model_flagged_decline_risk,8,42.7,0.0,17,0,0.0,0.0,2490.0,92
content_1f37dc9b1b92,0.9343033814924955,HIGH PRIORITY REFRESH,model_flagged_decline_risk,104,24.0,0.03,3225,1,0.0,0.0,5870.0,211
content_d752cd3da794,0.934186975001378,HIGH PRIORITY REFRESH,model_flagged_decline_risk,104,38.9,0.05,5431,1,0.0,0.0,5625.0,211
content_35cfcce9c07a,0.934186975001378,HIGH PRIORITY REFRESH,model_flagged_decline_risk,104,39.7,0.02,1396,1,0.0,0.0,5140.0,211
content_cf6c0275304e,0.9341859797909472,HIGH PRIORITY REFRESH,model_flagged_decline_risk,104,31.8,0.06,5022,3,0.0,0.0,5158.0,211
content_b2ec40b9d68c,0.9341669023296216,HIGH PRIORITY REFRESH,model_flagged_decline_risk,104,47.3,0.04,6947,3,0.0,0.0,5945.0,139
content_8b733532c5d2,0.9341369219149812,HIGH PRIORITY REFRESH,model_flagged_decline_risk,20,7.4,0.0,36,0,0.0,0.0,4402.0,203
content_983e599c0240,0.9341369219149812,HIGH PRIORITY REFRESH,model_flagged_decline_risk,20,7.8,0.0,38,0,0.0,0.0,4519.0,203
content_a7ccfcf0b731,0.9341009317594618,HIGH PRIORITY REFRESH,model_flagged_decline_risk,8,12.0,0.0,3,0,30.0,0.32,3014.0,98
content_7f0efbee72d5,0.9340741472445364,HIGH PRIORITY REFRESH,model_flagged_decline_risk,20,6.3,0.0,47,0,0.0,0.0,4108.0,221
content_2eaf49f7d8da,0.9339973747591988,HIGH PRIORITY REFRESH,model_flagged_decline_risk,104,30.2,0.0,171,0,0.0,0.0,5567.0,139
content_095661034f9b,0.9339649287182452,HIGH PRIORITY REFRESH,model_flagged_decline_risk,104,39.4,0.0,11326,0,0.0,0.0,5633.0,287
content_bdc3bb0fa949,0.933901609893272,HIGH PRIORITY REFRESH,model_flagged_decline_risk,20,9.9,0.0,44,0,0.0,0.0,4034.0,172
content_9ef914ef6374,0.9338578387783882,HIGH PRIORITY REFRESH,model_flagged_decline_risk,20,3.2,0.0,191,0,0.0,0.0,3769.0,90
content_2605942dde18,0.933835353082381,HIGH PRIORITY REFRESH,model_flagged_decline_risk,104,5.3,0.0,761,0,10.0,0.67,6118.0,236
content_28f952afeb50,0.9338206307677172,HIGH PRIORITY REFRESH,model_flagged_decline_risk,104,5.7,0.0,77,0,0.0,0.0,6401.0,223
content_72361a3dd42c,0.9337981955896905,HIGH PRIORITY REFRESH,model_flagged_decline_risk,104,2.6,0.09,379,0,30.0,0.1,0.0,329
content_72c39b26f02b,0.9337821627615986,HIGH PRIORITY REFRESH,model_flagged_decline_risk,104,18.0,0.26,784,0,0.0,0.0,5225.0,144
content_8f0c6157734f,0.933777611105968,HIGH PRIORITY REFRESH,model_flagged_decline_risk,104,3.4,0.0,49,0,10.0,0.13,0.0,329
content_8bd3d5d0595b,0.9337255780802572,HIGH PRIORITY REFRESH,model_flagged_decline_risk,8,4.0,0.0,1,0,20.0,1.0,2496.0,91
content_72527fd9d6d7,0.9337204627232298,HIGH PRIORITY REFRESH,model_flagged_decline_risk,8,7.0,0.0,14,0,10.0,0.0,3038.0,96
content_8a6446150404,0.9336760878887862,HIGH PRIORITY REFRESH,model_flagged_decline_risk,104,34.1,0.05,5088,2,0.0,0.0,5292.0,229
